,EventName,RoundNumber,eventYear,Team,Compound,Driver,Stint,bestPreRaceTime,bestLapTimeIsFrom,meanAirTemp,meanTrackTemp,meanHumid,Rainfall,GridPosition,Position,raceStintsNums,TyreAge,lapNumberAtBeginingOfStint,StintLen,CircuitLength,designedLaps,fuel_slope,fuel_bias,deg_slope,deg_bias,lag_slope_mean,lag_bias_mean
3830,Spanish Grand Prix,4,2021,Alfa Romeo Racing,MEDIUM,GIO,2.0,78.356,Qualifying,22.37096774193548,32.725806451612904,57.10322580645161,0.0,14.0,15.0,2.0,4.0,9.0,31.0,4.655,66,-0.07319464428457177,86.00014268585133,0.03655391304347602,84.75917913043487,,
3831,Spanish Grand Prix,4,2021,Alfa Romeo Racing,MEDIUM,RAI,1.0,78.917,Qualifying,22.2027027027027,32.41621621621622,57.29729729729728,0.0,17.0,12.0,1.0,1.0,1.0,37.0,4.655,66,-0.06764864864864939,85.91127927927924,-0.018851493690905913,85.73996937124772,,
3832,Spanish Grand Prix,4,2021,Alfa Romeo Racing,SOFT,GIO,1.0,78.356,Qualifying,21.700000000000003,31.4375,58.0375,0.0,14.0,15.0,1.0,1.0,1.0,8.0,4.655,66,-0.07319464428457177,86.00014268585133,,,,
3833,Spanish Grand Prix,4,2021,Alfa Romeo Racing,SOFT,GIO,3.0,78.356,Qualifying,22.676923076923075,34.21923076923077,58.48846153846154,0.0,14.0,15.0,3.0,4.0,40.0,26.0,4.655,66,-0.07319464428457177,86.00014268585133,0.03394415584415622,81.68819783549777,,
3834,Spanish Grand Prix,4,2021,Alfa Romeo Racing,SOFT,RAI,2.0,78.917,Qualifying,22.65357142857144,34.13928571428571,58.33928571428572,0.0,17.0,12.0,2.0,1.0,38.0,28.0,4.655,66,-0.06764864864864939,85.91127927927924,0.013556868764390278,82.88803683806599,,
3835,Spanish Grand Prix,4,2021,AlphaTauri,MEDIUM,GAS,2.0,77.982,Qualifying,22.47586206896551,32.88965517241379,57.60344827586208,0.0,12.0,10.0,2.0,1.0,19.0,29.0,4.655,66,-0.07177731673582437,85.64228492392809,-0.03145232419547134,85.28263528009535,,
3836,Spanish Grand Prix,4,2021,AlphaTauri,SOFT,GAS,1.0,77.982,Qualifying,21.89444444444445,31.811111111111117,57.43333333333333,0.0,12.0,10.0,1.0,1.0,1.0,18.0,4.655,66,-0.07177731673582437,85.64228492392809,0.048231884057973774,85.06854710144925,,
3837,Spanish Grand Prix,4,2021,AlphaTauri,SOFT,GAS,3.0,77.982,Qualifying,22.79444444444444,34.93888888888889,58.19444444444444,0.0,12.0,10.0,3.0,1.0,48.0,18.0,4.655,66,-0.07177731673582437,85.64228492392809,0.2879338345864646,67.14371127819557,,
3838,Spanish Grand Prix,4,2021,AlphaTauri,SOFT,TSU,1.0,78.556,Qualifying,21.7,31.616666666666664,58.01666666666667,0.0,16.0,20.0,1.0,1.0,1.0,6.0,4.655,66,,,,,,
3839,Spanish Grand Prix,4,2021,Alpine,MEDIUM,ALO,2.0,77.966,Qualifying,22.5525,33.57,57.96500000000001,0.0,10.0,17.0,2.0,1.0,22.0,40.0,4.655,66,,,0.017720922459893384,83.78065430035649,,
3840,Spanish Grand Prix,4,2021,Alpine,MEDIUM,OCO,2.0,77.58,Qualifying,22.62142857142857,33.82619047619048,57.93809523809523,0.0,5.0,9.0,2.0,1.0,24.0,42.0,4.655,66,-0.02249275362318975,84.91514492753626,0.04734616734616716,82.19657418257417,0.03253354490303027,82.98861424146533
3841,Spanish Grand Prix,4,2021,Alpine,SOFT,ALO,1.0,77.966,Qualifying,21.96190476190476,31.81428571428572,57.46190476190476,0.0,10.0,17.0,1.0,4.0,1.0,21.0,4.655,66,,,0.03234256055363554,84.99904498269892,,
3842,Spanish Grand Prix,4,2021,Alpine,SOFT,ALO,3.0,77.966,Qualifying,23.25,35.75,56.575,0.0,10.0,17.0,3.0,4.0,62.0,4.0,4.655,66,,,,,,
3843,Spanish Grand Prix,4,2021,Alpine,SOFT,OCO,1.0,77.58,Qualifying,21.98695652173913,31.80434782608696,57.48260869565218,0.0,5.0,9.0,1.0,4.0,1.0,23.0,4.655,66,-0.02249275362318975,84.91514492753626,0.013729123390111163,84.69568965517243,0.02303584197187335,84.84736731893568
3844,Spanish Grand Prix,4,2021,Aston Martin,MEDIUM,STR,2.0,77.974,Qualifying,22.54705882352941,33.2235294117647,57.06470588235294,0.0,11.0,11.0,2.0,1.0,23.0,17.0,4.655,66,-0.05676591107236268,85.69220459168845,-0.02092727272727244,85.0024727272727,,
3845,Spanish Grand Prix,4,2021,Aston Martin,MEDIUM,VET,2.0,78.079,Qualifying,22.53529411764706,33.15882352941177,57.05882352941177,0.0,13.0,13.0,2.0,1.0,22.0,17.0,4.655,66,-0.06344265562710803,85.62658908310333,-0.025027272727271815,85.11490909090907,-0.022977272727272128,85.05869090909088
3846,Spanish Grand Prix,4,2021,Aston Martin,SOFT,STR,1.0,77.974,Qualifying,21.977272727272727,31.85,57.440909090909095,0.0,11.0,11.0,1.0,1.0,1.0,22.0,4.655,66,-0.05676591107236268,85.69220459168845,0.008707226354943724,85.21997874601485,,
3847,Spanish Grand Prix,4,2021,Aston Martin,SOFT,STR,3.0,77.974,Qualifying,22.66538461538461,34.215384615384615,58.38076923076923,0.0,11.0,11.0,3.0,4.0,40.0,26.0,4.655,66,-0.05676591107236268,85.69220459168845,0.05878006200032692,80.73395676293029,,
3848,Spanish Grand Prix,4,2021,Aston Martin,SOFT,VET,1.0,78.079,Qualifying,21.966666666666665,31.861904761904768,57.44761904761904,0.0,13.0,13.0,1.0,1.0,1.0,21.0,4.655,66,-0.06344265562710803,85.62658908310333,0.02237474048442997,85.17076435986155,0.015540983419686846,85.1953715529382
3849,Spanish Grand Prix,4,2021,Aston Martin,SOFT,VET,3.0,78.079,Qualifying,22.659259259259255,34.17407407407407,58.33703703703704,0.0,13.0,13.0,3.0,4.0,39.0,27.0,4.655,66,-0.06344265562710803,85.62658908310333,0.07745147453083083,79.8991533512065,0.06811576826557887,80.3165550570684
3850,Spanish Grand Prix,4,2021,Ferrari,MEDIUM,LEC,2.0,77.51,Qualifying,22.53666666666667,33.54333333333333,58.35666666666666,0.0,4.0,4.0,2.0,1.0,29.0,30.0,4.655,66,-0.05495139989434819,84.47757210776545,-0.0040260869565208555,82.86363478260864,,
3851,Spanish Grand Prix,4,2021,Ferrari,MEDIUM,SAI,2.0,77.62,Qualifying,22.5,33.06666666666666,57.59583333333334,0.0,6.0,7.0,2.0,1.0,23.0,24.0,4.655,66,-0.03061481947942964,84.92455814441648,-0.013259029927761972,83.66132542139665,-0.008642558442141414,83.26248010200266
3852,Spanish Grand Prix,4,2021,Ferrari,SOFT,LEC,1.0,77.51,Qualifying,22.04642857142857,31.925000000000004,57.410714285714285,0.0,4.0,4.0,1.0,4.0,1.0,28.0,4.655,66,-0.05495139989434819,84.47757210776545,-0.004428236500840985,84.07129635870754,,
3853,Spanish Grand Prix,4,2021,Ferrari,SOFT,LEC,3.0,77.51,Qualifying,23.1625,35.85,56.8125,0.0,4.0,4.0,3.0,4.0,59.0,8.0,4.655,66,-0.05495139989434819,84.47757210776545,,,,
3854,Spanish Grand Prix,4,2021,Ferrari,SOFT,SAI,1.0,77.62,Qualifying,21.977272727272727,31.8,57.48636363636364,0.0,6.0,7.0,1.0,4.0,1.0,22.0,4.655,66,-0.03061481947942964,84.92455814441648,0.013239107332626782,84.75409086078638,0.004405435415892898,84.41269360974695
3855,Spanish Grand Prix,4,2021,Ferrari,SOFT,SAI,3.0,77.62,Qualifying,22.785,34.78,58.23499999999999,0.0,6.0,7.0,3.0,4.0,47.0,20.0,4.655,66,-0.03061481947942964,84.92455814441648,-0.07553254437869653,86.72360946745549,,
3856,Spanish Grand Prix,4,2021,Haas F1 Team,MEDIUM,MAZ,2.0,79.807,Qualifying,22.544999999999995,33.17,57.315,0.0,20.0,19.0,2.0,1.0,23.0,20.0,4.655,66,-0.061686887716654565,86.86660989701079,0.09390189873417663,82.14810443037977,,
3857,Spanish Grand Prix,4,2021,Haas F1 Team,MEDIUM,MAZ,3.0,79.807,Qualifying,22.713636363636365,34.48181818181818,58.354545454545466,0.0,20.0,19.0,3.0,1.0,43.0,22.0,4.655,66,-0.061686887716654565,86.86660989701079,0.09437309417040272,79.73470224215248,,
3858,Spanish Grand Prix,4,2021,Haas F1 Team,MEDIUM,MSC,2.0,79.117,Qualifying,22.4962962962963,33.07037037037037,57.89999999999999,0.0,18.0,18.0,2.0,1.0,24.0,27.0,4.655,66,-0.08033803441546875,86.79868405180056,0.04336452688620273,82.95252959566486,0.06863321281018968,82.55031701302232
3859,Spanish Grand Prix,4,2021,Haas F1 Team,MEDIUM,MSC,3.0,79.117,Qualifying,22.92142857142857,35.43571428571429,57.89285714285713,0.0,18.0,18.0,3.0,1.0,51.0,14.0,4.655,66,-0.08033803441546875,86.79868405180056,0.7652567567567465,40.57677027027087,0.42981492546357464,60.155736256211675
3860,Spanish Grand Prix,4,2021,Haas F1 Team,SOFT,MAZ,1.0,79.807,Qualifying,21.99090909090909,31.86363636363637,57.4,0.0,20.0,19.0,1.0,1.0,1.0,22.0,4.655,66,-0.061686887716654565,86.86660989701079,0.022076514346444403,86.68756907545156,,
3861,Spanish Grand Prix,4,2021,Haas F1 Team,SOFT,MSC,1.0,79.117,Qualifying,21.98695652173913,31.865217391304352,57.42608695652175,0.0,18.0,18.0,1.0,1.0,1.0,23.0,4.655,66,-0.08033803441546875,86.79868405180056,-0.017194716242661626,86.80273483365947,0.0024408990518913886,86.74515195455552
3862,Spanish Grand Prix,4,2021,McLaren,MEDIUM,NOR,2.0,77.696,Qualifying,22.471428571428568,33.01428571428571,57.957142857142856,0.0,9.0,8.0,2.0,1.0,24.0,28.0,4.655,66,-0.041342190427525016,85.3570228240504,-0.06746363636363682,86.28805930735933,,
3863,Spanish Grand Prix,4,2021,McLaren,MEDIUM,RIC,2.0,77.622,Qualifying,22.55714285714285,33.23809523809524,57.70476190476192,0.0,7.0,6.0,2.0,1.0,26.0,21.0,4.655,66,-0.023915671485438834,84.4908623507228,-0.003978571428571414,83.39669523809525,-0.03572110389610412,84.84237727272729
3864,Spanish Grand Prix,4,2021,McLaren,SOFT,NOR,1.0,77.696,Qualifying,21.98695652173913,31.80434782608696,57.48260869565218,0.0,9.0,8.0,1.0,4.0,1.0,23.0,4.655,66,-0.041342190427525016,85.3570228240504,-0.00412422102201852,85.17058620689654,,
3865,Spanish Grand Prix,4,2021,McLaren,SOFT,NOR,3.0,77.696,Qualifying,22.928571428571423,35.50000000000001,57.864285714285714,0.0,9.0,8.0,3.0,4.0,52.0,14.0,4.655,66,-0.041342190427525016,85.3570228240504,-0.009811475409836283,83.2304754098361,,
3866,Spanish Grand Prix,4,2021,McLaren,SOFT,RIC,1.0,77.622,Qualifying,22.000000000000004,31.812,57.504,0.0,7.0,6.0,1.0,4.0,1.0,25.0,4.655,66,-0.023915671485438834,84.4908623507228,0.014480911983033865,84.36116595970307,0.005178345480507673,84.76587608329982
3867,Spanish Grand Prix,4,2021,McLaren,SOFT,RIC,3.0,77.622,Qualifying,22.785,34.78,58.23499999999999,0.0,7.0,6.0,3.0,2.0,47.0,20.0,4.655,66,-0.023915671485438834,84.4908623507228,-0.06672500000000238,86.18772500000014,-0.03826823770491933,84.70910020491812
3868,Spanish Grand Prix,4,2021,Mercedes,MEDIUM,BOT,2.0,76.873,Qualifying,22.486666666666665,33.06333333333334,58.03666666666666,0.0,3.0,3.0,2.0,1.0,24.0,30.0,4.655,66,-0.058738241308792925,84.29813905930466,0.0014752964426874697,82.16993873517787,,
3869,Spanish Grand Prix,4,2021,Mercedes,MEDIUM,HAM,2.0,76.741,Qualifying,22.65,33.47857142857143,57.18571428571429,0.0,1.0,1.0,2.0,1.0,29.0,14.0,4.655,66,-0.05453231292516966,83.2585731292517,0.09076190476190363,78.44020238095241,0.04611860060229555,80.30507055806514
3870,Spanish Grand Prix,4,2021,Mercedes,MEDIUM,HAM,3.0,76.741,Qualifying,22.6875,34.354166666666664,58.48333333333333,0.0,1.0,1.0,3.0,7.0,43.0,24.0,4.655,66,-0.05453231292516966,83.2585731292517,0.027163157894735692,79.81428947368425,,
3871,Spanish Grand Prix,4,2021,Mercedes,SOFT,BOT,1.0,76.873,Qualifying,21.98695652173913,31.8,57.52173913043478,0.0,3.0,3.0,1.0,4.0,1.0,23.0,4.655,66,-0.058738241308792925,84.29813905930466,-0.03205338595762363,84.37775862068966,,
3872,Spanish Grand Prix,4,2021,Mercedes,SOFT,BOT,3.0,76.873,Qualifying,22.96153846153846,35.676923076923075,57.63076923076923,0.0,3.0,3.0,3.0,4.0,54.0,13.0,4.655,66,-0.058738241308792925,84.29813905930466,-0.02969202898550595,83.59886231884053,,
3873,Spanish Grand Prix,4,2021,Mercedes,SOFT,HAM,1.0,76.741,Qualifying,22.042857142857144,31.925000000000004,57.41785714285714,0.0,1.0,1.0,1.0,5.0,1.0,28.0,4.655,66,-0.05453231292516966,83.2585731292517,0.029592204557111056,82.88147725108063,-0.0012305907002562871,83.62961793588514
3874,Spanish Grand Prix,4,2021,Red Bull Racing,MEDIUM,PER,2.0,77.669,Qualifying,22.52,33.45666666666667,58.38999999999999,0.0,8.0,5.0,2.0,1.0,28.0,30.0,4.655,66,-0.053490892879887834,84.568100496752,-0.036100869565218206,84.39212028985507,,
3875,Spanish Grand Prix,4,2021,Red Bull Racing,MEDIUM,VER,2.0,76.777,Qualifying,22.550000000000004,33.54722222222222,58.06944444444444,0.0,2.0,2.0,2.0,1.0,25.0,36.0,4.655,66,,,0.01929877641824284,81.42326866889135,-0.008401046573487683,82.90769447937322
3876,Spanish Grand Prix,4,2021,Red Bull Racing,SOFT,PER,1.0,77.669,Qualifying,22.029629629629632,31.88888888888889,57.51111111111111,0.0,8.0,5.0,1.0,4.0,1.0,27.0,4.655,66,-0.053490892879887834,84.568100496752,0.010131034482760684,84.44509999999998,,
3877,Spanish Grand Prix,4,2021,Red Bull Racing,SOFT,PER,3.0,77.669,Qualifying,23.166666666666668,35.87777777777777,57.03333333333334,0.0,8.0,5.0,3.0,4.0,58.0,9.0,4.655,66,-0.053490892879887834,84.568100496752,,,,
3878,Spanish Grand Prix,4,2021,Red Bull Racing,SOFT,VER,1.0,76.777,Qualifying,21.995833333333337,31.808333333333337,57.50416666666666,0.0,2.0,2.0,1.0,4.0,1.0,24.0,4.655,66,,,0.01245061830173008,83.0873381698269,0.011290826392245382,83.76621908491344
3879,Spanish Grand Prix,4,2021,Red Bull Racing,SOFT,VER,3.0,76.777,Qualifying,23.183333333333337,35.88333333333333,56.7,0.0,2.0,2.0,3.0,1.0,61.0,6.0,4.655,66,,,,,,
3880,Spanish Grand Prix,4,2021,Williams,MEDIUM,LAT,2.0,79.219,Qualifying,22.194444444444443,32.20555555555555,57.16666666666666,0.0,19.0,16.0,2.0,1.0,10.0,18.0,4.655,66,-0.07697193702943136,87.06214579055445,-0.08170629370629212,87.16389976689973,,
3881,Spanish Grand Prix,4,2021,Williams,MEDIUM,LAT,3.0,79.219,Qualifying,22.53478260869565,33.186956521739134,57.939130434782605,0.0,19.0,16.0,3.0,1.0,28.0,23.0,4.655,66,-0.07697193702943136,87.06214579055445,0.06605735294117461,81.69960441176478,,
3882,Spanish Grand Prix,4,2021,Williams,MEDIUM,RUS,2.0,78.445,Qualifying,22.21052631578948,32.268421052631574,57.18947368421052,0.0,15.0,14.0,2.0,1.0,10.0,19.0,4.655,66,-0.1080929853181081,87.07942577487763,-0.08397582417582455,87.0170285714286,-0.08284105894105834,87.09046416916416
3883,Spanish Grand Prix,4,2021,Williams,MEDIUM,RUS,3.0,78.445,Qualifying,22.670270270270272,34.03243243243244,57.92162162162162,0.0,15.0,14.0,3.0,1.0,29.0,37.0,4.655,66,-0.1080929853181081,87.07942577487763,0.06214881248755312,81.59382532115114,0.06410308271436387,81.64671486645796
3884,Spanish Grand Prix,4,2021,Williams,SOFT,LAT,1.0,79.219,Qualifying,21.700000000000003,31.422222222222224,57.977777777777774,0.0,19.0,16.0,1.0,1.0,1.0,9.0,4.655,66,-0.07697193702943136,87.06214579055445,,,,
3885,Spanish Grand Prix,4,2021,Williams,SOFT,LAT,4.0,79.219,Qualifying,22.92,35.34000000000001,57.92666666666666,0.0,19.0,16.0,4.0,4.0,51.0,15.0,4.655,66,-0.07697193702943136,87.06214579055445,-0.011033333333328938,83.98471111111083,,
3886,Spanish Grand Prix,4,2021,Williams,SOFT,RUS,1.0,78.445,Qualifying,21.700000000000003,31.422222222222224,57.977777777777774,0.0,15.0,14.0,1.0,1.0,1.0,9.0,4.655,66,-0.1080929853181081,87.07942577487763,,,,
3887,Spanish Grand Prix,5,2018,Ferrari,MEDIUM,VET,2.0,76.305,Qualifying,15.8,30.087499999999995,53.36249999999999,0.9166666666666666,3.0,4.0,2.0,1.0,18.0,24.0,4.655,66,-0.42197803617571017,96.35060594315247,-0.02735603715170325,81.95211420708634,-0.020307533539732612,82.80671981424149
3888,Spanish Grand Prix,5,2018,Ferrari,MEDIUM,VET,3.0,76.305,Qualifying,16.42,31.992,50.87200000000001,0.68,3.0,4.0,3.0,1.0,42.0,25.0,4.655,66,-0.42197803617571017,96.35060594315247,-0.06317894736842024,83.41155263157887,,
3889,Spanish Grand Prix,5,2018,Ferrari,SOFT,RAI,1.0,76.612,Qualifying,16.1125,33.416666666666664,52.125,0.875,4.0,17.0,1.0,6.0,2.0,24.0,4.655,66,,,-0.10256043956044325,83.92191208791213,-0.04466066611390823,84.33800147434926
3890,Spanish Grand Prix,5,2018,Ferrari,SOFT,VET,1.0,76.305,Qualifying,16.268749999999997,34.9125,51.4625,0.8125,3.0,4.0,1.0,6.0,2.0,16.0,4.655,66,-0.42197803617571017,96.35060594315247,-0.009357142857143754,82.52107142857139,-0.055958791208793504,83.22149175824177
3891,Spanish Grand Prix,5,2018,Force India,MEDIUM,OCO,2.0,78.696,Qualifying,15.8,30.05555555555556,53.62222222222223,0.8888888888888888,13.0,16.0,2.0,1.0,30.0,9.0,4.655,66,-1.1317499999999985,119.64733333333332,,,,
3892,Spanish Grand Prix,5,2018,Force India,MEDIUM,PER,2.0,78.74,Qualifying,15.80714285714286,30.03571428571428,53.32142857142858,0.9285714285714286,15.0,9.0,2.0,1.0,27.0,14.0,4.655,66,-0.5671665243381729,102.95588528323374,-0.028421621621616478,83.11640540540525,,
3893,Spanish Grand Prix,5,2018,Force India,SOFT,OCO,1.0,78.696,Qualifying,16.060714285714287,32.73571428571429,52.40357142857142,0.8928571428571429,13.0,16.0,1.0,3.0,2.0,28.0,4.655,66,-1.1317499999999985,119.64733333333332,-0.923898901647532,102.03261308037945,,
3894,Spanish Grand Prix,5,2018,Force India,SOFT,PER,1.0,78.74,Qualifying,16.1,33.144,52.28,0.88,15.0,9.0,1.0,3.0,2.0,25.0,4.655,66,-0.5671665243381729,102.95588528323374,-0.13522205882352945,86.8191294117647,-0.5295604802355307,94.42587124607208
3895,Spanish Grand Prix,5,2018,Force India,SOFT,PER,3.0,78.74,Qualifying,16.416666666666668,31.979166666666668,50.9,0.7083333333333334,15.0,9.0,3.0,7.0,41.0,24.0,4.655,66,-0.5671665243381729,102.95588528323374,0.08057291126102735,77.7389937727037,,
3896,Spanish Grand Prix,5,2018,Haas F1 Team,MEDIUM,MAG,2.0,77.618,Qualifying,16.28181818181818,31.53333333333333,51.47272727272728,0.7575757575757576,7.0,6.0,2.0,1.0,33.0,33.0,4.655,66,-0.6092298850574716,102.82804597701146,-0.04144890229361047,83.34524977204181,0.0009578122962961289,83.14888968385333
3897,Spanish Grand Prix,5,2018,Haas F1 Team,SOFT,GRO,1.0,77.699,Qualifying,15.3,35.0,54.1,0.0,10.0,18.0,1.0,5.0,0.0,1.0,4.655,66,,,,,,
3898,Spanish Grand Prix,5,2018,Haas F1 Team,SOFT,MAG,1.0,77.618,Qualifying,16.0258064516129,32.34838709677419,52.6032258064516,0.9032258064516128,7.0,6.0,1.0,7.0,2.0,31.0,4.655,66,-0.6092298850574716,102.82804597701146,-0.04632467532467389,84.15283549783548,,
3899,Spanish Grand Prix,5,2018,McLaren,MEDIUM,ALO,2.0,77.721,Qualifying,16.129545454545454,31.06136363636364,52.00454545454545,0.7954545454545454,8.0,8.0,2.0,1.0,22.0,44.0,4.655,66,-1.605333333333336,122.07299999999998,-0.06524837710604607,85.51191321853325,-0.03461347426730874,84.45430422831424
3900,Spanish Grand Prix,5,2018,McLaren,MEDIUM,VAN,2.0,78.323,Qualifying,16.14166666666667,31.691666666666663,52.1,0.9166666666666666,11.0,15.0,2.0,1.0,35.0,12.0,4.655,66,,,,,,
3901,Spanish Grand Prix,5,2018,McLaren,SOFT,VAN,1.0,78.323,Qualifying,15.996969696969696,32.15151515151515,52.68484848484849,0.9090909090909092,11.0,15.0,1.0,6.0,2.0,33.0,4.655,66,,,-0.10345260869565015,86.43095086956518,-0.044485848356308144,85.39605841463413
3902,Spanish Grand Prix,5,2018,McLaren,SUPERSOFT,ALO,1.0,77.721,Qualifying,16.189999999999998,33.99499999999999,52.0,0.9,8.0,8.0,1.0,6.0,2.0,20.0,4.655,66,-1.605333333333336,122.07299999999998,-2.0811106719367585,113.95578162055331,,
3903,Spanish Grand Prix,5,2018,Mercedes,MEDIUM,BOT,2.0,76.213,Qualifying,16.121276595744682,31.044680851063827,52.07446808510638,0.7872340425531915,2.0,2.0,2.0,1.0,20.0,47.0,4.655,66,-1.0238823529411771,103.78474509803924,-0.046748041469837194,83.59362005768988,0.022006931646033217,81.01691121932114
3904,Spanish Grand Prix,5,2018,Mercedes,MEDIUM,HAM,2.0,76.173,Qualifying,16.178048780487803,31.141463414634146,51.88780487804877,0.7804878048780488,1.0,1.0,2.0,1.0,26.0,41.0,4.655,66,-0.7385362318840585,101.5116811594203,-0.05262449396306776,82.72354094460225,-0.04968626771645247,83.15858050114606
3905,Spanish Grand Prix,5,2018,Mercedes,SOFT,BOT,1.0,76.213,Qualifying,16.216666666666665,34.48888888888889,51.65,0.8333333333333334,2.0,2.0,1.0,6.0,2.0,18.0,4.655,66,-1.0238823529411771,103.78474509803924,-0.09164999999999703,83.53091111111105,-0.031028897721442985,83.20619418109584
3906,Spanish Grand Prix,5,2018,Mercedes,SOFT,HAM,1.0,76.173,Qualifying,16.117391304347827,33.38695652173914,52.02608695652174,0.8695652173913043,1.0,1.0,1.0,7.0,3.0,23.0,4.655,66,-0.7385362318840585,101.5116811594203,-0.04678571428571251,82.22478571428569,-0.06921785714285476,82.87784841269837
3907,Spanish Grand Prix,5,2018,Red Bull Racing,MEDIUM,RIC,2.0,76.818,Qualifying,16.28181818181818,31.66060606060606,51.42727272727273,0.7272727272727273,6.0,5.0,2.0,1.0,34.0,33.0,4.655,66,-1.0587741935483876,119.7888709677419,-0.295719179022515,97.07285372048325,-0.13821020130213607,89.2480611946873
3908,Spanish Grand Prix,5,2018,Red Bull Racing,MEDIUM,VER,2.0,76.816,Qualifying,16.303125,31.746875,51.328125,0.71875,5.0,3.0,2.0,1.0,35.0,32.0,4.655,66,-0.5894301075268816,102.72091397849462,-0.06589918356114165,83.54561994312454,-0.18080918129182832,90.3092368318039
3909,Spanish Grand Prix,5,2018,Red Bull Racing,SOFT,RIC,1.0,76.818,Qualifying,16.018749999999997,32.359375,52.571875,0.90625,6.0,5.0,1.0,6.0,2.0,32.0,4.655,66,-1.0587741935483876,119.7888709677419,-0.6165648178536282,96.0073780767969,-0.302057099775949,89.5473581233119
3910,Spanish Grand Prix,5,2018,Red Bull Racing,SOFT,VER,1.0,76.816,Qualifying,16.006060606060604,32.26969696969697,52.61212121212122,0.9090909090909092,5.0,3.0,1.0,6.0,2.0,33.0,4.655,66,-0.5894301075268816,102.72091397849462,-0.09018913043478177,83.79356304347824,-0.353376974144205,89.90047056013756
3911,Spanish Grand Prix,5,2018,Renault,MEDIUM,SAI,2.0,77.79,Qualifying,16.165,31.165,51.875,0.775,9.0,7.0,2.0,1.0,26.0,40.0,4.655,66,-1.342652173913043,121.49559420289856,-0.05229071677962643,84.77871493119733,,
3912,Spanish Grand Prix,5,2018,Renault,SOFT,HUL,1.0,78.923,Qualifying,15.3,35.0,54.1,0.0,16.0,20.0,1.0,1.0,0.0,1.0,4.655,66,,,,,,
3913,Spanish Grand Prix,5,2018,Renault,SOFT,SAI,1.0,77.79,Qualifying,16.10833333333333,33.27916666666667,52.208333333333336,0.875,9.0,7.0,1.0,7.0,2.0,24.0,4.655,66,-1.342652173913043,121.49559420289856,-1.120567164179106,102.88831343283583,,
3914,Spanish Grand Prix,5,2018,Sauber,MEDIUM,ERI,1.0,79.493,Qualifying,15.994117647058822,32.120588235294115,52.71470588235294,0.9411764705882352,17.0,13.0,1.0,3.0,2.0,34.0,4.655,66,-0.5355196078431367,103.81674509803919,-0.08496043478260679,86.06839724637678,,
3915,Spanish Grand Prix,5,2018,Sauber,MEDIUM,LEC,2.0,78.661,Qualifying,16.129545454545454,31.06590909090909,52.04772727272727,0.8181818181818182,14.0,10.0,2.0,1.0,21.0,44.0,4.655,66,-1.6535087719298251,121.39303508771931,-0.013168307375845501,83.65103122245078,,
3916,Spanish Grand Prix,5,2018,Sauber,SOFT,ERI,2.0,79.493,Qualifying,16.36206896551724,31.8448275862069,51.14827586206896,0.6896551724137931,17.0,13.0,2.0,1.0,36.0,29.0,4.655,66,-0.5355196078431367,103.81674509803919,0.012876210235130489,82.48425311203326,,
3917,Spanish Grand Prix,5,2018,Sauber,SOFT,LEC,1.0,78.661,Qualifying,16.21052631578947,34.147368421052626,51.91052631578947,0.8947368421052632,14.0,10.0,1.0,3.0,2.0,19.0,4.655,66,-1.6535087719298251,121.39303508771931,-2.844865646258504,123.45846088435371,,
3918,Spanish Grand Prix,5,2018,Toro Rosso,MEDIUM,HAR,2.0,,,16.000000000000004,31.97241379310345,52.73448275862069,0.9310344827586208,20.0,12.0,2.0,7.0,5.0,29.0,4.655,66,-0.6040833333333333,104.082,-0.08327103331451093,86.18537605872386,,
3919,Spanish Grand Prix,5,2018,Toro Rosso,MEDIUM,HAR,3.0,,,16.322580645161292,31.67419354838709,51.332258064516125,0.7096774193548387,20.0,12.0,3.0,1.0,34.0,31.0,4.655,66,-0.6040833333333333,104.082,0.022989458018107665,81.34963735582286,,
3920,Spanish Grand Prix,5,2018,Toro Rosso,SOFT,GAS,1.0,78.463,Qualifying,15.3,35.0,54.1,0.0,12.0,19.0,1.0,1.0,0.0,1.0,4.655,66,,,,,,
3921,Spanish Grand Prix,5,2018,Toro Rosso,SOFT,HAR,2.0,,,16.099999999999998,35.166666666666664,52.20000000000001,1.0,20.0,12.0,2.0,2.0,2.0,3.0,4.655,66,-0.6040833333333333,104.082,-0.08327103331451093,86.18537605872386,,
3922,Spanish Grand Prix,5,2018,Williams,MEDIUM,SIR,2.0,79.695,Qualifying,16.119999999999997,33.21,52.225,0.9,19.0,14.0,2.0,7.0,5.0,20.0,4.655,66,-0.4847499999999993,101.84666666666664,-0.11501648351648604,86.57409340659348,-0.09949615384615529,86.79556098901104
3923,Spanish Grand Prix,5,2018,Williams,MEDIUM,SIR,3.0,79.695,Qualifying,15.910000000000002,30.53000000000001,53.0,0.9,19.0,14.0,3.0,17.0,32.0,10.0,4.655,66,-0.4847499999999993,101.84666666666664,-0.06135294117646717,85.62464705882337,0.0003979356555429761,83.60923618998726
3924,Spanish Grand Prix,5,2018,Williams,MEDIUM,STR,2.0,80.225,Qualifying,16.145454545454545,31.068181818181817,52.02954545454545,0.7954545454545454,18.0,11.0,2.0,1.0,21.0,44.0,4.655,66,-0.9148596491228066,104.95010526315791,-0.025176243908694718,84.08846958194412,-0.07009636371259037,85.33128149426881
3925,Spanish Grand Prix,5,2018,Williams,SOFT,SIR,2.0,79.695,Qualifying,16.0,34.63333333333333,52.53333333333334,1.0,19.0,14.0,2.0,2.0,2.0,3.0,4.655,66,-0.4847499999999993,101.84666666666664,-0.11501648351648604,86.57409340659348,,
3926,Spanish Grand Prix,5,2018,Williams,SOFT,STR,1.0,80.225,Qualifying,16.21052631578947,34.18947368421052,51.94736842105262,0.8947368421052632,18.0,11.0,1.0,3.0,2.0,19.0,4.655,66,-0.9148596491228066,104.95010526315791,-0.16615151515151444,87.03399393939394,,
3927,Spanish Grand Prix,5,2018,Williams,SUPERSOFT,SIR,3.0,79.695,Qualifying,15.728571428571428,29.25714285714286,53.785714285714285,1.0,19.0,14.0,3.0,1.0,25.0,7.0,4.655,66,-0.4847499999999993,101.84666666666664,-0.06135294117646717,85.62464705882337,,
3928,Spanish Grand Prix,5,2018,Williams,SUPERSOFT,SIR,4.0,79.695,Qualifying,16.445454545454545,32.08636363636363,50.81818181818183,0.6818181818181818,19.0,14.0,4.0,1.0,42.0,22.0,4.655,66,-0.4847499999999993,101.84666666666664,-0.08688910133843289,87.95564435946469,,
3929,Spanish Grand Prix,5,2019,Alfa Romeo Racing,HARD,GIO,2.0,78.664,Qualifying,20.457142857142856,40.74857142857143,54.745714285714286,0.0,18.0,16.0,2.0,1.0,7.0,35.0,4.655,66,,,-0.0042289932885912875,85.47572749612807,,
3930,Spanish Grand Prix,5,2019,Alfa Romeo Racing,HARD,RAI,2.0,77.788,Qualifying,20.447058823529414,40.252941176470586,52.67647058823529,0.0,14.0,14.0,2.0,1.0,29.0,17.0,4.655,66,-0.05107110091743229,86.07134785932725,-0.1485515151515159,89.24763030303032,-0.07639025422005359,87.3616788995792
3931,Spanish Grand Prix,5,2019,Alfa Romeo Racing,MEDIUM,RAI,1.0,77.788,Qualifying,20.24285714285714,41.11071428571428,56.81785714285714,0.0,14.0,14.0,1.0,1.0,1.0,28.0,4.655,66,-0.05107110091743229,86.07134785932725,-0.043178723404256665,85.32909148936169,-0.03101510854758129,85.5345304303047
3932,Spanish Grand Prix,5,2019,Alfa Romeo Racing,SOFT,GIO,1.0,78.664,Qualifying,19.75,41.68333333333333,58.833333333333336,0.0,18.0,16.0,1.0,1.0,1.0,6.0,4.655,66,,,,,,
3933,Spanish Grand Prix,5,2019,Alfa Romeo Racing,SOFT,GIO,3.0,78.664,Qualifying,20.004,39.336,51.29200000000001,0.0,18.0,16.0,3.0,1.0,42.0,25.0,4.655,66,,,-0.16669999999999746,92.39784545454523,-0.06637792207792062,87.0430216450215
3934,Spanish Grand Prix,5,2019,Alfa Romeo Racing,SOFT,RAI,3.0,77.788,Qualifying,19.96666666666667,39.25714285714286,51.06666666666667,0.0,14.0,14.0,3.0,1.0,46.0,21.0,4.655,66,-0.05107110091743229,86.07134785932725,-0.1613181818181796,91.71049999999978,-0.16400909090908855,92.05417272727252
3935,Spanish Grand Prix,5,2019,Ferrari,HARD,LEC,2.0,76.588,Qualifying,20.485714285714288,40.33333333333333,52.70476190476192,0.0,5.0,5.0,2.0,,26.0,21.0,4.655,66,0.25446085508051136,80.1369163427725,0.03226640926641051,81.01673745173736,,
3936,Spanish Grand Prix,5,2019,Ferrari,MEDIUM,LEC,3.0,76.588,Qualifying,19.985,39.245,50.92999999999999,0.0,5.0,5.0,3.0,1.0,47.0,20.0,4.655,66,0.25446085508051136,80.1369163427725,-0.011733333333333913,81.03753333333339,-0.037456140350877076,82.22454298245613
3937,Spanish Grand Prix,5,2019,Ferrari,MEDIUM,VET,2.0,76.272,Qualifying,20.65714285714285,40.60000000000001,53.33809523809524,0.0,3.0,4.0,2.0,1.0,20.0,21.0,4.655,66,-0.0688598390230353,83.78271190674435,-0.09445384615384378,85.10723846153837,-0.06090494165277352,83.52967633431236
3938,Spanish Grand Prix,5,2019,Ferrari,MEDIUM,VET,3.0,76.272,Qualifying,20.04615384615385,39.388461538461534,51.27692307692308,0.0,3.0,4.0,3.0,1.0,41.0,26.0,4.655,66,-0.0688598390230353,83.78271190674435,-0.9870228136882124,142.1588775665399,-0.4993780735107732,111.59820544993664
3939,Spanish Grand Prix,5,2019,Ferrari,SOFT,LEC,1.0,76.588,Qualifying,20.200000000000003,41.176,57.21199999999999,0.0,5.0,5.0,1.0,4.0,1.0,25.0,4.655,66,0.25446085508051136,80.1369163427725,-0.005298245614034272,82.97750877192978,-0.007327694235589013,82.74929010025059
3940,Spanish Grand Prix,5,2019,Ferrari,SOFT,VET,1.0,76.272,Qualifying,20.015789473684208,41.2578947368421,58.026315789473685,0.0,3.0,4.0,1.0,4.0,1.0,19.0,4.655,66,-0.0688598390230353,83.78271190674435,0.05092307692307927,82.84130769230768,0.0228124156545225,82.90940823211872
3941,Spanish Grand Prix,5,2019,Haas F1 Team,MEDIUM,GRO,2.0,76.911,Qualifying,20.450000000000003,40.290000000000006,52.61500000000001,0.0,7.0,10.0,2.0,1.0,27.0,20.0,4.655,66,0.22909650582362656,81.14140894804953,-0.013019780219781184,83.0593648351649,-0.027234341256695827,83.20230730360336
3942,Spanish Grand Prix,5,2019,Haas F1 Team,MEDIUM,MAG,2.0,76.922,Qualifying,20.468181818181822,40.35454545454546,52.7,0.0,8.0,7.0,2.0,1.0,24.0,22.0,4.655,66,0.22806100942873,81.64346385653539,-0.07881029411764788,86.00476764705884,-0.045915037168714534,84.53206624111186
3943,Spanish Grand Prix,5,2019,Haas F1 Team,SOFT,GRO,1.0,76.911,Qualifying,20.188461538461542,41.11923076923077,57.24230769230768,0.0,7.0,10.0,1.0,4.0,1.0,26.0,4.655,66,0.22909650582362656,81.14140894804953,-0.023417293233083974,84.27808345864662,-0.03487098427887893,84.21545947824106
3944,Spanish Grand Prix,5,2019,Haas F1 Team,SOFT,GRO,3.0,76.911,Qualifying,19.975,39.24,50.96,0.0,7.0,10.0,3.0,4.0,47.0,20.0,4.655,66,0.22909650582362656,81.14140894804953,-0.0696060606060655,86.11966060606095,,
3945,Spanish Grand Prix,5,2019,Haas F1 Team,SOFT,MAG,1.0,76.922,Qualifying,20.15217391304348,41.20434782608696,57.64347826086957,0.0,8.0,7.0,1.0,4.0,1.0,23.0,4.655,66,0.22806100942873,81.64346385653539,-0.039625000000001784,84.62179411764707,-0.03152114661654288,84.44993878814685
3946,Spanish Grand Prix,5,2019,Haas F1 Team,SOFT,MAG,3.0,76.922,Qualifying,20.0,39.25714285714285,51.01904761904761,0.0,8.0,7.0,3.0,4.0,46.0,21.0,4.655,66,0.22806100942873,81.64346385653539,-0.09450909090909594,87.07809090909126,-0.08205757575758071,86.59887575757611
3947,Spanish Grand Prix,5,2019,McLaren,MEDIUM,NOR,2.0,77.338,Qualifying,20.46666666666667,40.327777777777776,52.46666666666667,0.0,10.0,20.0,2.0,1.0,27.0,18.0,4.655,66,-0.11053846153846224,85.96428205128207,0.08014285714286021,80.58247252747242,,
3948,Spanish Grand Prix,5,2019,McLaren,MEDIUM,SAI,2.0,77.599,Qualifying,20.463636363636365,40.32272727272727,52.72272727272728,0.0,12.0,8.0,2.0,1.0,25.0,22.0,4.655,66,-0.057416994750656786,85.01003707349082,-0.029928571428572446,84.41018681318685,0.025107142857143883,82.49632967032963
3949,Spanish Grand Prix,5,2019,McLaren,SOFT,NOR,1.0,77.338,Qualifying,20.196153846153848,41.11923076923077,57.15384615384615,0.0,10.0,20.0,1.0,1.0,1.0,26.0,4.655,66,-0.11053846153846224,85.96428205128207,-0.06535488721804683,85.64149097744362,-0.08440374795684849,86.0362209235044
3950,Spanish Grand Prix,5,2019,McLaren,SOFT,SAI,1.0,77.599,Qualifying,20.17916666666667,41.175,57.475,0.0,12.0,8.0,1.0,1.0,1.0,24.0,4.655,66,-0.057416994750656786,85.01003707349082,-0.022679050567595102,84.68537702098381,-0.044016968892820967,85.16343399921371
3951,Spanish Grand Prix,5,2019,McLaren,SOFT,SAI,3.0,77.599,Qualifying,19.985,39.24,50.9,0.0,12.0,8.0,3.0,4.0,47.0,20.0,4.655,66,-0.057416994750656786,85.01003707349082,-0.11731666666666887,88.61033333333343,-0.09202083333333563,87.39902916666679
3952,Spanish Grand Prix,5,2019,Mercedes,MEDIUM,BOT,2.0,75.406,Qualifying,20.50526315789474,40.352631578947374,52.53157894736842,0.0,1.0,2.0,2.0,1.0,27.0,19.0,4.655,66,-0.05077678113787779,83.03960105928581,-0.014846153846151096,82.44446153846145,-0.03373532390460943,82.58400124153185
3953,Spanish Grand Prix,5,2019,Mercedes,MEDIUM,HAM,2.0,76.038,Qualifying,20.45263157894737,40.3,52.48947368421052,0.0,2.0,1.0,2.0,1.0,28.0,19.0,4.655,66,-0.06688888888888794,83.3523333333333,0.013346153846153527,81.44257692307689,-0.0007499999999987846,81.94351923076917
3954,Spanish Grand Prix,5,2019,Mercedes,SOFT,BOT,1.0,75.406,Qualifying,20.21153846153846,41.16153846153846,57.161538461538456,0.0,1.0,2.0,1.0,4.0,1.0,26.0,4.655,66,-0.05077678113787779,83.03960105928581,0.02333157894736723,82.23967368421052,-0.01172706766917264,82.23222969924811
3955,Spanish Grand Prix,5,2019,Mercedes,SOFT,BOT,3.0,75.406,Qualifying,20.042857142857137,39.2952380952381,50.87142857142857,0.0,1.0,2.0,3.0,4.0,46.0,21.0,4.655,66,-0.05077678113787779,83.03960105928581,0.010483333333332942,79.30644444444447,-0.009604347826086504,81.4526533816425
3956,Spanish Grand Prix,5,2019,Mercedes,SOFT,HAM,1.0,76.038,Qualifying,20.229629629629628,41.15925925925926,57.02962962962962,0.0,2.0,1.0,1.0,4.0,1.0,27.0,4.655,66,-0.06688888888888794,83.3523333333333,-0.005319480519480603,82.31552034632035,0.009006049213943313,82.27759701526543
3957,Spanish Grand Prix,5,2019,Mercedes,SOFT,HAM,3.0,76.038,Qualifying,20.035,39.27,50.77,0.0,2.0,1.0,3.0,4.0,47.0,20.0,4.655,66,-0.06688888888888794,83.3523333333333,-0.021966666666669195,81.20900000000015,-0.005741666666668126,80.2577222222223
3958,Spanish Grand Prix,5,2019,Racing Point,MEDIUM,PER,2.0,77.886,Qualifying,20.47142857142857,40.36666666666666,52.69523809523809,0.0,15.0,15.0,2.0,1.0,25.0,21.0,4.655,66,0.30662294543063784,81.44302564102561,0.025957142857141763,82.80043333333342,,
3959,Spanish Grand Prix,5,2019,Racing Point,MEDIUM,STR,1.0,78.471,Qualifying,20.11818181818182,41.19545454545455,57.73181818181819,0.0,16.0,19.0,1.0,1.0,1.0,22.0,4.655,66,-0.09160606060606179,85.78581818181821,-0.07842941176470364,85.6993132352941,,
3960,Spanish Grand Prix,5,2019,Racing Point,SOFT,PER,1.0,77.886,Qualifying,20.166666666666668,41.175,57.45416666666667,0.0,15.0,15.0,1.0,1.0,1.0,24.0,4.655,66,0.30662294543063784,81.44302564102561,-0.02734778121774697,84.85418059855516,,
3961,Spanish Grand Prix,5,2019,Racing Point,SOFT,PER,3.0,77.886,Qualifying,19.99047619047619,39.26190476190476,51.0047619047619,0.0,15.0,15.0,3.0,4.0,46.0,21.0,4.655,66,0.30662294543063784,81.44302564102561,-0.09837820512820393,88.24255128205118,,
3962,Spanish Grand Prix,5,2019,Racing Point,SOFT,STR,2.0,78.471,Qualifying,20.500000000000004,40.40909090909091,52.75,0.0,16.0,19.0,2.0,1.0,23.0,22.0,4.655,66,-0.09160606060606179,85.78581818181821,0.038294117647059846,82.26394117647054,,
3963,Spanish Grand Prix,5,2019,Red Bull Racing,MEDIUM,GAS,2.0,76.708,Qualifying,20.504166666666663,40.36666666666667,52.90833333333333,0.0,6.0,6.0,2.0,1.0,23.0,24.0,4.655,66,0.6164611211573235,76.86678862768736,-0.010534571723426455,83.13377605779151,-0.03821687764228405,83.33969800045801
3964,Spanish Grand Prix,5,2019,Red Bull Racing,MEDIUM,VER,3.0,76.357,Qualifying,20.04782608695652,39.34347826086957,51.01739130434782,0.0,4.0,3.0,3.0,1.0,44.0,23.0,4.655,66,0.6119464480874333,76.58920983606554,-1.9504421732114032,197.9713302850994,,
3965,Spanish Grand Prix,5,2019,Red Bull Racing,SOFT,GAS,1.0,76.708,Qualifying,20.10909090909091,41.21363636363637,57.75000000000001,0.0,6.0,6.0,1.0,4.0,1.0,22.0,4.655,66,0.6164611211573235,76.86678862768736,0.025250000000003225,83.16424999999997,-0.03246956521738927,83.4789065217391
3966,Spanish Grand Prix,5,2019,Red Bull Racing,SOFT,GAS,3.0,76.708,Qualifying,19.985,39.245,50.91,0.0,6.0,6.0,3.0,4.0,47.0,20.0,4.655,66,0.6164611211573235,76.86678862768736,-2.292305442176875,219.65405646258515,,
3967,Spanish Grand Prix,5,2019,Red Bull Racing,SOFT,VER,1.0,76.357,Qualifying,20.045,41.245,57.94,0.0,4.0,3.0,1.0,4.0,1.0,20.0,4.655,66,0.6119464480874333,76.58920983606554,-0.00312087912087714,82.7991978021978,0.011064560439563043,82.98172390109889
3968,Spanish Grand Prix,5,2019,Red Bull Racing,SOFT,VER,2.0,76.357,Qualifying,20.617391304347827,40.53913043478261,53.0,0.0,4.0,3.0,2.0,1.0,21.0,23.0,4.655,66,0.6119464480874333,76.58920983606554,-0.044075980392157335,83.54637254901962,,
3969,Spanish Grand Prix,5,2019,Renault,HARD,RIC,2.0,77.299,Qualifying,20.47142857142857,40.36666666666666,52.69523809523809,0.0,13.0,12.0,2.0,1.0,25.0,21.0,4.655,66,0.32560552268244597,80.95258974358974,-0.016346428571430153,84.04325833333345,,
3970,Spanish Grand Prix,5,2019,Renault,MEDIUM,HUL,2.0,78.404,Qualifying,20.322857142857146,40.982857142857135,55.962857142857146,0.0,0.0,13.0,2.0,1.0,1.0,35.0,4.655,66,-0.07396396396396458,85.96122522522523,-0.05273384615384556,85.29870153846151,-0.05251228146673599,85.03870823482941
3971,Spanish Grand Prix,5,2019,Renault,MEDIUM,RIC,3.0,77.299,Qualifying,19.98095238095238,39.26190476190476,51.03809523809524,0.0,13.0,12.0,3.0,1.0,46.0,21.0,4.655,66,0.32560552268244597,80.95258974358974,-0.15832085889570574,91.30166134969326,,
3972,Spanish Grand Prix,5,2019,Renault,SOFT,HUL,3.0,78.404,Qualifying,20.067741935483877,39.516129032258064,51.56129032258064,0.0,0.0,13.0,3.0,1.0,36.0,31.0,4.655,66,-0.07396396396396458,85.96122522522523,-0.3745715767634851,105.78567764522818,,
3973,Spanish Grand Prix,5,2019,Renault,SOFT,RIC,1.0,77.299,Qualifying,20.17916666666667,41.175,57.475,0.0,13.0,12.0,1.0,4.0,1.0,24.0,4.655,66,0.32560552268244597,80.95258974358974,-0.021401754385964332,84.71464385964909,-0.5709844592825352,93.80147864624246
3974,Spanish Grand Prix,5,2019,Toro Rosso,MEDIUM,ALB,2.0,77.445,Qualifying,20.475000000000005,40.35000000000001,52.510000000000005,0.0,11.0,11.0,2.0,1.0,26.0,20.0,4.655,66,-0.03579660690187055,84.55966281087332,-0.042905494505493504,84.44000219780214,-0.06308826391000222,85.312689128263
3975,Spanish Grand Prix,5,2019,Toro Rosso,MEDIUM,ALB,3.0,77.445,Qualifying,19.98095238095238,39.26190476190476,51.03809523809524,0.0,11.0,11.0,3.0,1.0,46.0,21.0,4.655,66,-0.03579660690187055,84.55966281087332,-0.0643818181818212,85.6184181818184,-0.02069618008185677,83.48402776882062
3976,Spanish Grand Prix,5,2019,Toro Rosso,MEDIUM,KVY,2.0,77.243,Qualifying,20.508333333333336,40.40416666666667,52.84166666666667,0.0,9.0,9.0,2.0,1.0,22.0,24.0,4.655,66,0.22692921492921395,81.91308622908623,-0.05369762641898884,84.71703715170281,-0.04830156046224117,84.57851967475247
3977,Spanish Grand Prix,5,2019,Toro Rosso,MEDIUM,KVY,3.0,77.243,Qualifying,20.0,39.25238095238095,51.0095238095238,0.0,9.0,9.0,3.0,1.0,46.0,21.0,4.655,66,0.22692921492921395,81.91308622908623,-0.13487272727273283,89.63952727272766,-0.09962727272727702,87.62897272727304
3978,Spanish Grand Prix,5,2019,Toro Rosso,SOFT,ALB,1.0,77.445,Qualifying,20.184000000000005,41.144000000000005,57.36,0.0,11.0,11.0,1.0,1.0,1.0,25.0,4.655,66,-0.03579660690187055,84.55966281087332,-0.018424561403508323,84.53599298245612,,
3979,Spanish Grand Prix,5,2019,Toro Rosso,SOFT,KVY,1.0,77.243,Qualifying,20.071428571428573,41.22380952380953,57.92380952380953,0.0,9.0,9.0,1.0,4.0,1.0,21.0,4.655,66,0.22692921492921395,81.91308622908623,-0.0387000000000019,84.67730000000003,-0.02856228070175511,84.60664649122808
3980,Spanish Grand Prix,5,2019,Williams,MEDIUM,KUB,1.0,80.254,Qualifying,20.332258064516125,41.08387096774192,56.24838709677421,0.0,17.0,18.0,1.0,1.0,1.0,31.0,4.655,66,-0.04986719206071259,87.49970412531621,0.05466217497955632,85.9383505805397,,
3981,Spanish Grand Prix,5,2019,Williams,MEDIUM,KUB,3.0,80.254,Qualifying,19.98095238095238,39.25238095238096,51.01428571428571,0.0,17.0,18.0,3.0,1.0,45.0,21.0,4.655,66,-0.04986719206071259,87.49970412531621,-0.08445454545454598,88.84009090909095,-0.07290374331550657,87.23236898395716
3982,Spanish Grand Prix,5,2019,Williams,MEDIUM,RUS,1.0,79.072,Qualifying,20.34375,41.0625,56.121875,0.0,19.0,17.0,1.0,1.0,1.0,32.0,4.655,66,-0.06788625409678009,87.50588567572778,0.015163536680167254,86.08923620146473,0.03491285582986178,86.01379339100222
3983,Spanish Grand Prix,5,2019,Williams,MEDIUM,RUS,3.0,79.072,Qualifying,19.995238095238093,39.26666666666667,50.957142857142856,0.0,19.0,17.0,3.0,1.0,45.0,21.0,4.655,66,-0.06788625409678009,87.50588567572778,-0.12755151515151192,90.87236363636345,-0.10600303030302895,89.8562272727272
3984,Spanish Grand Prix,5,2019,Williams,SOFT,KUB,2.0,80.254,Qualifying,20.33846153846154,40.138461538461534,52.78461538461538,0.0,17.0,18.0,2.0,1.0,32.0,13.0,4.655,66,-0.04986719206071259,87.49970412531621,-0.13181034482758544,91.25406896551719,-0.12341341417203575,88.91408118605534
3985,Spanish Grand Prix,5,2019,Williams,SOFT,RUS,2.0,79.072,Qualifying,20.316666666666663,40.175,52.4,0.0,19.0,17.0,2.0,1.0,33.0,12.0,4.655,66,-0.06788625409678009,87.50588567572778,0.3906578947368432,70.924447368421,0.12942377495462887,81.0892581669691
3986,Spanish Grand Prix,6,2020,Alfa Romeo Racing,MEDIUM,GIO,1.0,78.697,Qualifying,30.08571428571428,48.53809523809524,55.18095238095238,0.0,20.0,16.0,1.0,1.0,1.0,21.0,4.655,66,-0.09553813280736385,86.97500887573963,-0.0359892857142869,86.65714880952387,-0.03958400455927179,85.99312014944277
3987,Spanish Grand Prix,6,2020,Alfa Romeo Racing,MEDIUM,GIO,2.0,78.697,Qualifying,29.916666666666668,47.633333333333326,56.25,0.0,20.0,16.0,2.0,1.0,22.0,24.0,4.655,66,-0.09553813280736385,86.97500887573963,0.022264178033024648,84.19714572864314,0.029409045538250335,84.478162429539
3988,Spanish Grand Prix,6,2020,Alfa Romeo Racing,MEDIUM,RAI,1.0,77.386,Qualifying,30.09499999999999,48.53,55.215,0.0,14.0,14.0,1.0,1.0,1.0,20.0,4.655,66,-0.08632692307692298,86.53995512820511,-0.020828571428571332,86.12834285714288,-0.02840892857142912,86.39274583333338
3989,Spanish Grand Prix,6,2020,Alfa Romeo Racing,MEDIUM,RAI,2.0,77.386,Qualifying,29.9375,47.7875,56.125,0.0,14.0,14.0,2.0,4.0,21.0,24.0,4.655,66,-0.08632692307692298,86.53995512820511,0.06199803921568642,83.14814705882353,0.04213110862435553,83.67264639373333
3990,Spanish Grand Prix,6,2020,Alfa Romeo Racing,SOFT,GIO,3.0,78.697,Qualifying,29.5,45.665,58.080000000000005,0.0,20.0,16.0,3.0,1.0,46.0,20.0,4.655,66,-0.09553813280736385,86.97500887573963,0.046953571428572184,80.48839999999991,-0.05718230519480372,86.09944999999985
3991,Spanish Grand Prix,6,2020,Alfa Romeo Racing,SOFT,RAI,3.0,77.386,Qualifying,29.514285714285723,45.65238095238095,58.00952380952381,0.0,14.0,14.0,3.0,1.0,45.0,21.0,4.655,66,-0.08632692307692298,86.53995512820511,-0.014222999999998728,83.86720599999992,0.016365285714286727,82.17780299999993
3992,Spanish Grand Prix,6,2020,AlphaTauri,MEDIUM,GAS,2.0,76.8,Qualifying,29.933333333333334,47.63809523809524,56.22380952380953,0.0,10.0,9.0,2.0,1.0,22.0,21.0,4.655,66,-0.04876190476190494,85.98461904761905,-0.14342721268163872,89.65726235138712,-0.08743976843855503,87.46994881574123
3993,Spanish Grand Prix,6,2020,AlphaTauri,MEDIUM,GAS,3.0,76.8,Qualifying,29.5304347826087,45.73913043478261,57.87826086956521,0.0,10.0,9.0,3.0,1.0,43.0,23.0,4.655,66,-0.04876190476190494,85.98461904761905,0.032532105263156925,81.62969578947374,,
3994,Spanish Grand Prix,6,2020,AlphaTauri,MEDIUM,KVY,2.0,77.192,Qualifying,29.916666666666668,47.68333333333334,56.29583333333333,0.0,12.0,12.0,2.0,1.0,22.0,24.0,4.655,66,-0.07001347797501697,86.19922583826428,-0.029536635706914928,85.57097729618167,-0.08648192419427682,87.61411982378439
3995,Spanish Grand Prix,6,2020,AlphaTauri,MEDIUM,KVY,3.0,77.192,Qualifying,29.500000000000007,45.605,58.03499999999999,0.0,12.0,12.0,3.0,,46.0,20.0,4.655,66,-0.07001347797501697,86.19922583826428,-0.0284642857142866,84.71433333333337,0.0020339097744351622,83.17201456140356
3996,Spanish Grand Prix,6,2020,AlphaTauri,SOFT,GAS,1.0,76.8,Qualifying,30.109523809523807,48.53809523809524,55.17619047619048,0.0,10.0,9.0,1.0,4.0,1.0,21.0,4.655,66,-0.04876190476190494,85.98461904761905,-0.004807142857144056,85.31921190476194,,
3997,Spanish Grand Prix,6,2020,AlphaTauri,SOFT,KVY,1.0,77.192,Qualifying,30.114285714285717,48.55714285714286,55.12380952380952,0.0,12.0,12.0,1.0,1.0,1.0,21.0,4.655,66,-0.07001347797501697,86.19922583826428,-0.02607857142857267,85.88153095238103,-0.015442857142858361,85.60037142857149
3998,Spanish Grand Prix,6,2020,Ferrari,MEDIUM,LEC,2.0,76.953,Qualifying,30.14444444444445,47.84444444444445,55.76666666666667,0.0,9.0,20.0,2.0,,30.0,9.0,4.655,66,,,,,,
3999,Spanish Grand Prix,6,2020,Ferrari,MEDIUM,VET,1.0,77.168,Qualifying,30.02413793103448,48.41034482758621,55.47931034482759,0.0,11.0,7.0,1.0,1.0,1.0,29.0,4.655,66,-0.05182758620689711,86.26681609195403,-0.00610177865612671,85.63330928853753,,
4000,Spanish Grand Prix,6,2020,Ferrari,SOFT,LEC,1.0,76.953,Qualifying,30.02068965517241,48.40689655172414,55.5344827586207,0.0,9.0,20.0,1.0,4.0,1.0,29.0,4.655,66,,,-0.005469367588931422,85.38860573122528,0.022726854667073925,84.11495671176648
4001,Spanish Grand Prix,6,2020,Ferrari,SOFT,VET,2.0,77.168,Qualifying,29.72222222222222,46.4388888888889,57.15833333333334,0.0,11.0,7.0,2.0,4.0,30.0,36.0,4.655,66,-0.05182758620689711,86.26681609195403,-0.010043516100957196,84.43269591570308,,
4002,Spanish Grand Prix,6,2020,Haas F1 Team,MEDIUM,GRO,1.0,78.089,Qualifying,29.990625,48.415625000000006,55.63125,0.0,17.0,19.0,1.0,2.0,1.0,32.0,4.655,66,,,-0.0032649572649569095,86.3208717948718,,
4003,Spanish Grand Prix,6,2020,Haas F1 Team,MEDIUM,MAG,2.0,77.908,Qualifying,29.740540540540536,46.4945945945946,57.148648648648646,0.0,16.0,15.0,2.0,2.0,29.0,37.0,4.655,66,-0.06561904761904837,86.38085714285715,-0.03317778592375288,86.23269483137823,-0.055994040020700374,86.11873123921853
4004,Spanish Grand Prix,6,2020,Haas F1 Team,SOFT,GRO,2.0,78.089,Qualifying,29.690000000000005,46.20333333333333,57.25333333333332,0.0,17.0,19.0,2.0,4.0,33.0,30.0,4.655,66,,,0.027310276679842264,82.91076482213438,,
4005,Spanish Grand Prix,6,2020,Haas F1 Team,SOFT,GRO,3.0,78.089,Qualifying,29.65,46.15,57.7,0.0,17.0,19.0,3.0,,63.0,2.0,4.655,66,,,,,,
4006,Spanish Grand Prix,6,2020,Haas F1 Team,SOFT,MAG,1.0,77.908,Qualifying,30.003571428571423,48.38928571428572,55.50357142857143,0.0,16.0,15.0,1.0,4.0,1.0,28.0,4.655,66,-0.06561904761904837,86.38085714285715,-0.013476002258610955,86.05103839638625,-0.02655050112930637,85.33641625701665
4007,Spanish Grand Prix,6,2020,McLaren,MEDIUM,NOR,3.0,77.084,Qualifying,29.50476190476191,45.614285714285714,57.99999999999999,0.0,8.0,10.0,3.0,1.0,45.0,21.0,4.655,66,-0.05756962606102362,86.2349396650608,0.026185567010308813,81.96741531664216,,
4008,Spanish Grand Prix,6,2020,McLaren,MEDIUM,SAI,3.0,76.876,Qualifying,29.558333333333337,45.85833333333333,57.75416666666666,0.0,7.0,6.0,3.0,1.0,42.0,24.0,4.655,66,-0.04700079176563776,86.00168566904196,-0.03183900928792646,84.84648916408675,-0.0028267211388088246,83.40695224036446
4009,Spanish Grand Prix,6,2020,McLaren,SOFT,NOR,1.0,77.084,Qualifying,30.114285714285717,48.55714285714286,55.12380952380952,0.0,8.0,10.0,1.0,4.0,1.0,21.0,4.655,66,-0.05756962606102362,86.2349396650608,-0.06377500000000084,86.0549916666667,-0.043227025283797973,85.37018434382526
4010,Spanish Grand Prix,6,2020,McLaren,SOFT,NOR,2.0,77.084,Qualifying,29.93478260869565,47.68695652173913,56.22173913043478,0.0,8.0,10.0,2.0,4.0,22.0,23.0,4.655,66,-0.05756962606102362,86.2349396650608,-0.12227894736842024,88.88185789473681,,
4011,Spanish Grand Prix,6,2020,McLaren,SOFT,SAI,1.0,76.876,Qualifying,30.10454545454545,48.53636363636363,55.190909090909095,0.0,7.0,6.0,1.0,4.0,1.0,22.0,4.655,66,-0.04700079176563776,86.00168566904196,-0.007747058823526992,85.28046617647058,-0.03576102941176392,85.66772892156864
4012,Spanish Grand Prix,6,2020,McLaren,SOFT,SAI,2.0,76.876,Qualifying,29.92105263157895,47.57894736842105,56.31052631578948,0.0,7.0,6.0,2.0,4.0,23.0,19.0,4.655,66,-0.04700079176563776,86.00168566904196,-0.07767582417582473,87.19678021978024,-0.09997738577212248,88.03931905725852
4013,Spanish Grand Prix,6,2020,Mercedes,MEDIUM,BOT,2.0,75.643,Qualifying,29.888,47.43600000000001,56.32000000000001,0.0,2.0,3.0,2.0,1.0,24.0,25.0,4.655,66,-0.06108762290341219,84.8240032774243,-0.040170175438595204,84.61428421052628,-0.013412010796220838,83.02843056680157
4014,Spanish Grand Prix,6,2020,Mercedes,MEDIUM,BOT,4.0,75.643,Qualifying,29.65,46.3,58.1,0.0,2.0,3.0,4.0,1.0,65.0,2.0,4.655,66,,,,,,
4015,Spanish Grand Prix,6,2020,Mercedes,MEDIUM,HAM,2.0,75.584,Qualifying,29.83333333333334,47.340740740740735,56.49629629629629,0.0,1.0,1.0,2.0,1.0,24.0,27.0,4.655,66,-0.074391786411211,85.11148660635088,-0.08551558441558395,85.81702900432897,-0.06284287992708958,85.21565660742763
4016,Spanish Grand Prix,6,2020,Mercedes,MEDIUM,HAM,3.0,75.584,Qualifying,29.5625,45.6,58.0125,0.0,1.0,1.0,3.0,1.0,51.0,16.0,4.655,66,-0.074391786411211,85.11148660635088,-0.06825454545454103,85.09038181818148,-0.020545693779902667,82.45233564593286
4017,Spanish Grand Prix,6,2020,Mercedes,SOFT,BOT,1.0,75.643,Qualifying,30.086956521739125,48.55652173913043,55.22608695652173,0.0,2.0,3.0,1.0,4.0,1.0,23.0,4.655,66,-0.06108762290341219,84.8240032774243,-0.03866666666666835,84.41970588235296,-0.021993073593074473,83.36761311433665
4018,Spanish Grand Prix,6,2020,Mercedes,SOFT,BOT,3.0,75.643,Qualifying,29.4625,45.4,58.21875,0.0,2.0,3.0,3.0,4.0,49.0,16.0,4.655,66,-0.06108762290341219,84.8240032774243,0.01735000000000292,80.7252888888887,-0.002308333333333138,80.96714444444441
4019,Spanish Grand Prix,6,2020,Mercedes,SOFT,HAM,1.0,75.584,Qualifying,30.07826086956521,48.49565217391304,55.25652173913044,0.0,1.0,1.0,1.0,4.0,1.0,23.0,4.655,66,-0.074391786411211,85.11148660635088,-0.08606617647058731,84.68438235294116,-0.06236642156862783,84.55204411764706
4020,Spanish Grand Prix,6,2020,Racing Point,MEDIUM,PER,2.0,76.482,Qualifying,29.71944444444445,46.38055555555556,57.20277777777777,0.0,4.0,5.0,2.0,1.0,30.0,36.0,4.655,66,-0.012799999999998944,85.21073333333332,-0.06877974135012496,87.24830046042383,-0.0214112992464916,85.02436689687863
4021,Spanish Grand Prix,6,2020,Racing Point,MEDIUM,STR,2.0,76.589,Qualifying,30.0,47.426666666666655,56.11333333333333,0.0,5.0,4.0,2.0,,28.0,15.0,4.655,66,-0.05214569536423809,85.68445474613684,0.017649999999998285,83.84813888888893,-0.02556487067506334,85.54821967465638
4022,Spanish Grand Prix,6,2020,Racing Point,SOFT,PER,1.0,76.482,Qualifying,30.02068965517241,48.45517241379311,55.51724137931034,0.0,4.0,5.0,1.0,4.0,1.0,29.0,4.655,66,-0.012799999999998944,85.21073333333332,0.04213043478261093,84.67417391304343,0.007391326782431979,84.7641772557993
4023,Spanish Grand Prix,6,2020,Racing Point,SOFT,STR,1.0,76.589,Qualifying,30.02592592592592,48.44814814814816,55.47407407407408,0.0,5.0,4.0,1.0,4.0,1.0,27.0,4.655,66,-0.05214569536423809,85.68445474613684,0.034666233766233755,84.77314891774891,0.03839833427442234,84.72366141539618
4024,Spanish Grand Prix,6,2020,Racing Point,SOFT,STR,3.0,76.589,Qualifying,29.53478260869566,45.7695652173913,57.86086956521738,0.0,5.0,4.0,3.0,4.0,43.0,23.0,4.655,66,-0.05214569536423809,85.68445474613684,-0.05092466460268208,85.66106088751285,-0.07465143486544301,86.95180608478202
4025,Spanish Grand Prix,6,2020,Red Bull Racing,HARD,ALB,2.0,77.029,Qualifying,29.95909090909091,47.95,56.01818181818182,0.0,6.0,8.0,2.0,1.0,18.0,22.0,4.655,66,-0.035766335814722716,85.63930383236831,-0.07218382352941186,87.2954264705882,,
4026,Spanish Grand Prix,6,2020,Red Bull Racing,MEDIUM,ALB,3.0,77.029,Qualifying,29.56153846153846,45.76153846153847,57.72692307692307,0.0,6.0,8.0,3.0,1.0,40.0,26.0,4.655,66,-0.035766335814722716,85.63930383236831,0.016436887200778762,82.63504292906978,-0.9670026430053122,140.3031866070846
4027,Spanish Grand Prix,6,2020,Red Bull Racing,MEDIUM,VER,2.0,76.292,Qualifying,29.915,47.785,56.25,0.0,3.0,2.0,2.0,1.0,22.0,20.0,4.655,66,-0.056206846418186705,84.88967314300818,0.000740659340658874,83.35916923076923,-0.004896956191383791,83.24647264428037
4028,Spanish Grand Prix,6,2020,Red Bull Racing,MEDIUM,VER,3.0,76.292,Qualifying,29.584,45.952000000000005,57.668,0.0,3.0,2.0,3.0,1.0,42.0,25.0,4.655,66,-0.056206846418186705,84.88967314300818,-0.03041654135338276,83.58560150375934,-0.006989827076301998,83.11032221641456
4029,Spanish Grand Prix,6,2020,Red Bull Racing,SOFT,ALB,1.0,77.029,Qualifying,30.15294117647059,48.64117647058824,55.076470588235296,0.0,6.0,8.0,1.0,4.0,1.0,17.0,4.655,66,-0.035766335814722716,85.63930383236831,0.024854545454544,84.94167272727275,0.01086683316683343,83.87043526473528
4030,Spanish Grand Prix,6,2020,Red Bull Racing,SOFT,VER,1.0,76.292,Qualifying,30.090476190476185,48.58571428571428,55.23333333333333,0.0,3.0,2.0,1.0,4.0,1.0,21.0,4.655,66,-0.056206846418186705,84.88967314300818,-0.06538214285714404,84.67153690476196,-0.02026379870130002,84.80660481601736
4031,Spanish Grand Prix,6,2020,Renault,MEDIUM,OCO,1.0,77.567,Qualifying,30.01764705882353,48.3764705882353,55.6235294117647,0.0,15.0,13.0,1.0,1.0,1.0,34.0,4.655,66,-0.052441176470588206,86.5943235294118,-0.019420361247946806,86.11042775041054,,
4032,Spanish Grand Prix,6,2020,Renault,MEDIUM,RIC,1.0,77.198,Qualifying,30.02857142857143,48.32571428571429,55.591428571428565,0.0,13.0,11.0,1.0,1.0,1.0,35.0,4.655,66,-0.036647058823528963,86.22992156862743,-0.012370972691010021,85.79814943234119,-0.015895666969478413,85.95428859137587
4033,Spanish Grand Prix,6,2020,Renault,SOFT,OCO,2.0,77.567,Qualifying,29.661290322580648,46.09032258064516,57.39677419354838,0.0,15.0,13.0,2.0,1.0,35.0,31.0,4.655,66,-0.052441176470588206,86.5943235294118,-0.10706526806526757,89.42254778554772,,
4034,Spanish Grand Prix,6,2020,Renault,SOFT,RIC,2.0,77.198,Qualifying,29.64666666666667,46.10333333333334,57.44333333333332,0.0,13.0,11.0,2.0,1.0,36.0,30.0,4.655,66,-0.036647058823528963,86.22992156862743,-0.07066498409974176,86.96324693352172,-0.08886512608250466,88.19289735953473
4035,Spanish Grand Prix,6,2020,Williams,MEDIUM,LAT,1.0,78.532,Qualifying,29.98928571428572,48.425,55.53214285714286,0.0,19.0,18.0,1.0,1.0,1.0,28.0,4.655,66,-0.09579936672423754,87.73373719055839,0.0017155844155798557,86.54231385281395,0.008439560547873554,86.31577502713934
4036,Spanish Grand Prix,6,2020,Williams,MEDIUM,LAT,2.0,78.532,Qualifying,29.825,46.915000000000006,56.59,0.0,19.0,18.0,2.0,3.0,30.0,20.0,4.655,66,-0.09579936672423754,87.73373719055839,-0.035360714285714946,85.81333452380956,-0.030268479097204832,84.95090205287684
4037,Spanish Grand Prix,6,2020,Williams,MEDIUM,RUS,2.0,78.099,Qualifying,29.9125,48.19375,56.10625,0.0,18.0,17.0,2.0,,20.0,16.0,4.655,66,-0.05770358306188964,86.3267752442997,0.02193333333333128,84.41173333333337,-0.006713690476191834,85.11253392857147
4038,Spanish Grand Prix,6,2020,Williams,MEDIUM,RUS,3.0,78.099,Qualifying,29.656666666666677,46.14,57.41999999999999,0.0,18.0,17.0,3.0,1.0,36.0,30.0,4.655,66,-0.05770358306188964,86.3267752442997,-0.010591538461538765,85.18724846153846,-0.06907152680652534,88.02980604895095
4039,Spanish Grand Prix,6,2020,Williams,SOFT,LAT,3.0,78.532,Qualifying,29.6,45.726666666666674,57.96000000000001,0.0,19.0,18.0,3.0,,50.0,15.0,4.655,66,-0.09579936672423754,87.73373719055839,-0.09815000000000448,88.28210555555584,,
4040,Spanish Grand Prix,6,2020,Williams,SOFT,RUS,1.0,78.099,Qualifying,30.08947368421052,48.55263157894737,55.18421052631579,0.0,18.0,17.0,1.0,1.0,1.0,19.0,4.655,66,-0.05770358306188964,86.3267752442997,-0.011807692307688456,86.14446153846148,-0.08897960372960145,86.58922773892772
4041,Spanish Grand Prix,6,2020,Williams,UNKNOWN,LAT,2.0,78.532,Qualifying,30.0,47.4,56.5,0.0,19.0,18.0,2.0,1.0,29.0,1.0,4.655,66,-0.09579936672423754,87.73373719055839,-0.035360714285714946,85.81333452380956,,
4042,Spanish Grand Prix,6,2022,Alfa Romeo,MEDIUM,BOT,2.0,79.608,Qualifying,37.010000000000005,49.435,6.15,0.0,7.0,6.0,2.0,1.0,15.0,20.0,4.655,66,-0.042157534246575985,88.95665981735159,0.03970329670329641,87.67876923076925,,
4043,Spanish Grand Prix,6,2022,Alfa Romeo,MEDIUM,BOT,3.0,79.608,Qualifying,36.6,48.650000000000006,7.75,0.0,7.0,6.0,3.0,1.0,35.0,32.0,4.655,66,-0.042157534246575985,88.95665981735159,0.04579731006906637,85.96589800072697,,
4044,Spanish Grand Prix,6,2022,Alfa Romeo,MEDIUM,ZHO,2.0,80.476,Qualifying,36.98333333333333,49.50555555555555,6.0,0.0,15.0,19.0,2.0,1.0,11.0,18.0,4.655,66,-0.06646666666666633,90.3474,0.06813286713286783,88.57640909090905,0.05391808191808212,88.12758916083915
4045,Spanish Grand Prix,6,2022,Alfa Romeo,SOFT,BOT,1.0,79.608,Qualifying,36.89999999999999,49.52142857142859,6.142857142857143,0.0,7.0,6.0,1.0,4.0,1.0,14.0,4.655,66,-0.042157534246575985,88.95665981735159,0.10553571428570996,88.3793571428572,,
4046,Spanish Grand Prix,6,2022,Alfa Romeo,SOFT,ZHO,1.0,80.476,Qualifying,36.92,49.48,6.2,0.0,15.0,19.0,1.0,1.0,1.0,10.0,4.655,66,-0.06646666666666633,90.3474,0.33829999999998783,88.60210000000009,0.2219178571428489,88.49072857142865
4047,Spanish Grand Prix,6,2022,AlphaTauri,MEDIUM,GAS,2.0,80.719,Qualifying,36.99473684210527,49.49473684210525,6.0,0.0,14.0,13.0,2.0,1.0,11.0,19.0,4.655,66,-0.06237983876340883,90.17229442334597,0.11228021978021868,88.04008791208797,0.04137179203665188,86.80553260413481
4048,Spanish Grand Prix,6,2022,AlphaTauri,MEDIUM,TSU,2.0,80.639,Qualifying,37.00476190476192,49.49047619047618,6.0,0.0,13.0,10.0,2.0,,12.0,21.0,4.655,66,-0.04855433474598503,89.86857845445505,0.045146428571428775,88.60017857142854,0.07871332417582373,88.32013324175826
4049,Spanish Grand Prix,6,2022,AlphaTauri,SOFT,GAS,1.0,80.719,Qualifying,36.92,49.48,6.2,0.0,14.0,13.0,1.0,1.0,1.0,10.0,4.655,66,-0.06237983876340883,90.17229442334597,0.521099999999991,87.34720000000007,0.24751071428570917,86.61436547619056
4050,Spanish Grand Prix,6,2022,AlphaTauri,SOFT,GAS,3.0,80.719,Qualifying,36.75882352941176,49.11764705882353,7.176470588235294,0.0,14.0,13.0,3.0,4.0,30.0,17.0,4.655,66,-0.06237983876340883,90.17229442334597,0.07867532467532674,85.54474025974012,0.18330457963089566,76.34422576896785
4051,Spanish Grand Prix,6,2022,AlphaTauri,SOFT,GAS,4.0,80.719,Qualifying,36.531578947368416,48.38947368421052,8.0,0.0,14.0,13.0,4.0,4.0,47.0,19.0,4.655,66,-0.06237983876340883,90.17229442334597,0.13583185235816814,80.21075051264525,,
4052,Spanish Grand Prix,6,2022,AlphaTauri,SOFT,TSU,1.0,80.639,Qualifying,36.92727272727273,49.5,6.181818181818182,0.0,13.0,10.0,1.0,1.0,1.0,11.0,4.655,66,-0.04855433474598503,89.86857845445505,0.1841999999999964,88.90880000000001,0.3526499999999937,88.12800000000004
4053,Spanish Grand Prix,6,2022,AlphaTauri,SOFT,TSU,3.0,80.639,Qualifying,36.71,49.02499999999999,7.3,0.0,13.0,10.0,3.0,4.0,33.0,20.0,4.655,66,-0.04855433474598503,89.86857845445505,-0.004995604395601967,88.49395604395588,0.03683986013986239,87.01934815184799
4054,Spanish Grand Prix,6,2022,AlphaTauri,SOFT,TSU,4.0,80.639,Qualifying,36.43846153846153,48.17692307692308,8.384615384615385,0.0,13.0,10.0,4.0,4.0,53.0,13.0,4.655,66,-0.04855433474598503,89.86857845445505,0.07851190476190706,82.4744166666665,0.1071718785600376,81.34258358965587
4055,Spanish Grand Prix,6,2022,Alpine,MEDIUM,ALO,2.0,81.043,Qualifying,37.00000000000001,49.5,6.0,0.0,20.0,9.0,2.0,1.0,11.0,21.0,4.655,66,-0.05955187637969096,90.19579139072844,0.013089285714286095,89.51619166666666,0.030217726530226627,85.85638292462042
4056,Spanish Grand Prix,6,2022,Alpine,MEDIUM,OCO,2.0,80.638,Qualifying,36.963636363636375,49.43181818181817,6.090909090909091,0.0,12.0,7.0,2.0,1.0,14.0,22.0,4.655,66,-0.057831873174800735,89.56045911556107,0.09617205882353057,87.19597205882347,0.05463067226890833,88.35608186274507
4057,Spanish Grand Prix,6,2022,Alpine,SOFT,ALO,1.0,81.043,Qualifying,36.92,49.48,6.2,0.0,20.0,9.0,1.0,1.0,1.0,10.0,4.655,66,-0.05955187637969096,90.19579139072844,0.13019999999999926,88.9954,0.07196456169505522,86.84554482758622
4058,Spanish Grand Prix,6,2022,Alpine,SOFT,ALO,3.0,81.043,Qualifying,36.71818181818182,49.02272727272726,7.272727272727272,0.0,20.0,9.0,3.0,1.0,32.0,22.0,4.655,66,-0.05955187637969096,90.19579139072844,-0.03705294117647094,89.68937500000001,,
4059,Spanish Grand Prix,6,2022,Alpine,SOFT,ALO,4.0,81.043,Qualifying,36.43333333333333,48.18333333333334,8.25,0.0,20.0,9.0,4.0,3.0,54.0,12.0,4.655,66,-0.05955187637969096,90.19579139072844,0.1614285714285741,77.4059999999998,,
4060,Spanish Grand Prix,6,2022,Alpine,SOFT,OCO,1.0,80.638,Qualifying,36.93076923076923,49.53076923076924,6.153846153846154,0.0,12.0,7.0,1.0,1.0,1.0,13.0,4.655,66,-0.057831873174800735,89.56045911556107,0.14092857142857323,88.34935714285713,0.13556428571428625,88.67237857142857
4061,Spanish Grand Prix,6,2022,Alpine,SOFT,OCO,3.0,80.638,Qualifying,36.74117647058824,48.99411764705882,7.411764705882353,0.0,12.0,7.0,3.0,4.0,36.0,17.0,4.655,66,-0.057831873174800735,89.56045911556107,0.10218181818181409,83.4038181818184,0.03256443850267157,86.5465965909092
4062,Spanish Grand Prix,6,2022,Alpine,SOFT,OCO,4.0,80.638,Qualifying,36.442857142857136,48.18571428571428,8.285714285714286,0.0,12.0,7.0,4.0,4.0,53.0,14.0,4.655,66,-0.057831873174800735,89.56045911556107,0.1801166666666645,76.21077777777789,0.1707726190476193,76.80838888888886
4063,Spanish Grand Prix,6,2022,Aston Martin,MEDIUM,STR,3.0,81.418,Qualifying,36.810526315789474,49.12105263157895,7.052631578947368,0.0,17.0,15.0,3.0,2.0,28.0,19.0,4.655,66,-0.04223503808487444,90.2234838592673,0.009572448979590486,88.53699489795922,,
4064,Spanish Grand Prix,6,2022,Aston Martin,MEDIUM,VET,3.0,80.954,Qualifying,36.56086956521739,48.50869565217391,8.0,0.0,16.0,11.0,3.0,2.0,43.0,23.0,4.655,66,-0.04426984126984189,90.11392063492065,-0.0027927129492840296,88.7998488429344,0.0033898680151532284,88.6684218704468
4065,Spanish Grand Prix,6,2022,Aston Martin,SOFT,STR,1.0,81.418,Qualifying,36.92142857142857,49.54285714285715,6.142857142857143,0.0,17.0,15.0,1.0,4.0,1.0,14.0,4.655,66,-0.04223503808487444,90.2234838592673,0.06264285714285486,90.58092857142861,0.04250879881364242,87.87584646564508
4066,Spanish Grand Prix,6,2022,Aston Martin,SOFT,STR,2.0,81.418,Qualifying,36.98461538461539,49.46153846153845,6.0,0.0,17.0,15.0,2.0,4.0,15.0,13.0,4.655,66,-0.04223503808487444,90.2234838592673,0.20553571428571465,85.16775,,
4067,Spanish Grand Prix,6,2022,Aston Martin,SOFT,STR,4.0,81.418,Qualifying,36.526315789473685,48.37894736842105,8.105263157894736,0.0,17.0,15.0,4.0,1.0,47.0,19.0,4.655,66,-0.04223503808487444,90.2234838592673,0.025909188801148668,86.63000143575015,,
4068,Spanish Grand Prix,6,2022,Aston Martin,SOFT,VET,1.0,80.954,Qualifying,36.93333333333334,49.56190476190477,6.0,0.0,16.0,11.0,1.0,4.0,1.0,21.0,4.655,66,-0.04426984126984189,90.11392063492065,0.053489285714286884,90.20448452380955,0.05806607142857087,90.39270654761908
4069,Spanish Grand Prix,6,2022,Aston Martin,SOFT,VET,2.0,80.954,Qualifying,36.9047619047619,49.24285714285714,6.666666666666667,0.0,16.0,11.0,2.0,4.0,22.0,21.0,4.655,66,-0.04426984126984189,90.11392063492065,-0.034592857142856745,90.30470476190472,0.08547142857142895,87.73622738095236
4070,Spanish Grand Prix,6,2022,Ferrari,MEDIUM,LEC,2.0,78.75,Qualifying,37.016666666666666,49.35,6.333333333333333,0.0,1.0,20.0,2.0,1.0,22.0,6.0,4.655,66,,,,,,
4071,Spanish Grand Prix,6,2022,Ferrari,MEDIUM,SAI,2.0,79.166,Qualifying,37.00000000000001,49.5,6.0,0.0,3.0,4.0,2.0,1.0,11.0,21.0,4.655,66,-0.051443276744812784,88.6570269469146,0.030910714285716807,87.96654166666663,,
4072,Spanish Grand Prix,6,2022,Ferrari,MEDIUM,SAI,3.0,79.166,Qualifying,36.72142857142858,49.10714285714287,7.285714285714286,0.0,3.0,4.0,3.0,1.0,32.0,14.0,4.655,66,-0.051443276744812784,88.6570269469146,0.16478571428570968,80.93525000000022,-0.4111185497012514,111.54706378327006
4073,Spanish Grand Prix,6,2022,Ferrari,SOFT,LEC,1.0,78.75,Qualifying,36.89047619047619,49.54285714285714,5.9523809523809526,0.0,1.0,20.0,1.0,1.0,1.0,21.0,4.655,66,,,0.05503571428571371,87.6379404761905,0.024783173348391144,86.51327310370789
4074,Spanish Grand Prix,6,2022,Ferrari,SOFT,SAI,1.0,79.166,Qualifying,36.92,49.48,6.2,0.0,3.0,4.0,1.0,4.0,1.0,10.0,4.655,66,-0.051443276744812784,88.6570269469146,,,,
4075,Spanish Grand Prix,6,2022,Ferrari,SOFT,SAI,4.0,79.166,Qualifying,36.54761904761904,48.44285714285714,7.904761904761905,0.0,3.0,4.0,4.0,4.0,46.0,21.0,4.655,66,-0.051443276744812784,88.6570269469146,0.14217500000000044,78.89717499999999,,
4076,Spanish Grand Prix,6,2022,Haas F1 Team,HARD,MAG,3.0,79.682,Qualifying,36.62857142857143,48.74285714285713,7.6,0.0,8.0,17.0,3.0,1.0,30.0,35.0,4.655,66,,,0.09889885373854608,84.83231360054302,,
4077,Spanish Grand Prix,6,2022,Haas F1 Team,MEDIUM,MAG,2.0,79.682,Qualifying,36.97857142857144,49.49285714285715,6.0,0.0,8.0,17.0,2.0,1.0,2.0,28.0,4.655,66,,,0.1179136081309965,88.31447543760589,0.042367911103621814,87.27358513449207
4078,Spanish Grand Prix,6,2022,Haas F1 Team,MEDIUM,MSC,3.0,80.368,Qualifying,36.62857142857143,48.73142857142857,7.628571428571429,0.0,10.0,14.0,3.0,1.0,31.0,35.0,4.655,66,-0.06814473684210315,90.42246052631569,0.0758355442552889,85.74965657012302,0.42054615050601774,63.163213420196946
4079,Spanish Grand Prix,6,2022,Haas F1 Team,SOFT,MAG,1.0,79.682,Qualifying,36.7,49.4,7.0,0.0,8.0,17.0,1.0,3.0,1.0,1.0,4.655,66,,,,,,
4080,Spanish Grand Prix,6,2022,Haas F1 Team,SOFT,MSC,1.0,80.368,Qualifying,36.93333333333334,49.51666666666667,6.166666666666667,0.0,10.0,14.0,1.0,3.0,1.0,12.0,4.655,66,-0.06814473684210315,90.42246052631569,0.027657142857141034,90.31122857142859,,
4081,Spanish Grand Prix,6,2022,Haas F1 Team,SOFT,MSC,2.0,80.368,Qualifying,37.00555555555556,49.47222222222221,5.944444444444445,0.0,10.0,14.0,2.0,4.0,13.0,18.0,4.655,66,-0.06814473684210315,90.42246052631569,0.04085664335664353,89.07083216783214,0.034083460018242896,85.99079849498327
4082,Spanish Grand Prix,6,2022,McLaren,MEDIUM,NOR,2.0,79.977,Qualifying,36.9904761904762,49.47142857142857,6.0,0.0,11.0,8.0,2.0,1.0,13.0,21.0,4.655,66,-0.07480522875816872,90.2935745098039,-0.0018392857142842153,89.50183690476189,-0.01588392857142833,86.95601185897436
4083,Spanish Grand Prix,6,2022,McLaren,MEDIUM,RIC,3.0,80.287,Qualifying,36.688235294117646,49.07647058823529,7.294117647058823,0.0,9.0,12.0,3.0,1.0,32.0,17.0,4.655,66,-0.05490044085231467,90.21587790840067,0.0956818181818179,84.9909090909091,0.03192140444694572,84.91869912749792
4084,Spanish Grand Prix,6,2022,McLaren,SOFT,NOR,1.0,79.977,Qualifying,36.93333333333334,49.51666666666667,6.166666666666667,0.0,11.0,8.0,1.0,1.0,1.0,12.0,4.655,66,-0.07480522875816872,90.2935745098039,0.02688571428570732,89.68807619047627,0.009569327731090165,87.48427118347342
4085,Spanish Grand Prix,6,2022,McLaren,SOFT,NOR,3.0,79.977,Qualifying,36.71111111111111,49.016666666666666,7.388888888888889,0.0,11.0,8.0,3.0,4.0,34.0,18.0,4.655,66,-0.07480522875816872,90.2935745098039,0.08248251748251827,84.35382634032628,-0.01741707459207531,86.48207983682985
4086,Spanish Grand Prix,6,2022,McLaren,SOFT,NOR,4.0,79.977,Qualifying,36.47333333333333,48.23333333333333,8.133333333333333,0.0,11.0,8.0,4.0,4.0,52.0,15.0,4.655,66,-0.07480522875816872,90.2935745098039,0.24839999999999732,72.34380000000019,,
4087,Spanish Grand Prix,6,2022,McLaren,SOFT,RIC,1.0,80.287,Qualifying,36.92727272727273,49.5,6.181818181818182,0.0,9.0,12.0,1.0,4.0,1.0,11.0,4.655,66,-0.05490044085231467,90.21587790840067,0.04360000000000233,89.97219999999996,0.03524285714285483,89.83013809523811
4088,Spanish Grand Prix,6,2022,McLaren,SOFT,RIC,2.0,80.287,Qualifying,37.010000000000005,49.475,6.0,0.0,9.0,12.0,2.0,4.0,12.0,20.0,4.655,66,-0.05490044085231467,90.21587790840067,0.04034945054945183,89.3085582417582,-0.01866318681318645,88.25266923076921
4089,Spanish Grand Prix,6,2022,McLaren,SOFT,RIC,4.0,80.287,Qualifying,36.52352941176471,48.317647058823525,8.058823529411764,0.0,9.0,12.0,4.0,4.0,49.0,17.0,4.655,66,-0.05490044085231467,90.21587790840067,0.10011188811188663,82.51423310023317,0.17425594405594197,77.42901655011667
4090,Spanish Grand Prix,6,2022,Mercedes,MEDIUM,HAM,1.0,79.512,Qualifying,36.7,49.4,7.0,0.0,6.0,5.0,1.0,1.0,1.0,1.0,4.655,66,,,,,,
4091,Spanish Grand Prix,6,2022,Mercedes,MEDIUM,HAM,3.0,79.512,Qualifying,36.84615384615385,49.19615384615384,6.884615384615385,0.0,6.0,5.0,3.0,1.0,23.0,26.0,4.655,66,,,0.02322706766917189,86.32973909774437,-0.02251373889268457,85.71006045796292
4092,Spanish Grand Prix,6,2022,Mercedes,MEDIUM,RUS,2.0,79.393,Qualifying,36.95652173913045,49.417391304347824,6.173913043478261,0.0,4.0,3.0,2.0,1.0,14.0,23.0,4.655,66,-0.04819518944231595,88.69904863771819,0.0832303921568629,86.63000490196075,-0.001142596129360525,86.22351695314487
4093,Spanish Grand Prix,6,2022,Mercedes,MEDIUM,RUS,3.0,79.393,Qualifying,36.7,48.98,7.466666666666667,0.0,4.0,3.0,3.0,1.0,37.0,15.0,4.655,66,-0.04819518944231595,88.69904863771819,0.06723333333333179,84.710288888889,0.04523020050125184,85.52001399331668
4094,Spanish Grand Prix,6,2022,Mercedes,SOFT,HAM,2.0,79.512,Qualifying,36.94285714285715,49.51428571428572,5.904761904761905,0.0,6.0,5.0,2.0,3.0,2.0,21.0,4.655,66,,,0.0750642857142852,88.36362857142859,,
4095,Spanish Grand Prix,6,2022,Mercedes,SOFT,HAM,4.0,79.512,Qualifying,36.53888888888888,48.34444444444444,7.944444444444445,0.0,6.0,5.0,4.0,4.0,49.0,18.0,4.655,66,,,0.13818181818181577,78.15863636363652,,
4096,Spanish Grand Prix,6,2022,Mercedes,SOFT,RUS,1.0,79.393,Qualifying,36.9076923076923,49.50769230769232,6.153846153846154,0.0,4.0,3.0,1.0,4.0,1.0,13.0,4.655,66,-0.04819518944231595,88.69904863771819,0.21314285714286108,87.34957142857138,0.06353834033613688,86.01697689075627
4097,Spanish Grand Prix,6,2022,Mercedes,SOFT,RUS,4.0,79.393,Qualifying,36.486666666666665,48.25333333333333,8.133333333333333,0.0,4.0,3.0,4.0,3.0,52.0,15.0,4.655,66,-0.04819518944231595,88.69904863771819,0.20593333333332842,74.52666666666701,0.17205757575757208,76.34265151515177
4098,Spanish Grand Prix,6,2022,Red Bull Racing,MEDIUM,PER,2.0,79.42,Qualifying,36.99000000000001,49.345000000000006,6.3,0.0,5.0,2.0,2.0,1.0,18.0,20.0,4.655,66,-0.04334948330477263,88.35423046165027,0.04540879120879066,86.8711868131868,0.023074725274724768,85.11517802197801
4099,Spanish Grand Prix,6,2022,Red Bull Racing,MEDIUM,PER,3.0,79.42,Qualifying,36.71875,48.95625,7.5,0.0,5.0,2.0,3.0,1.0,38.0,16.0,4.655,66,-0.04334948330477263,88.35423046165027,0.09197575757575498,82.98190303030322,0.03077960811118611,83.28375226703128
4100,Spanish Grand Prix,6,2022,Red Bull Racing,MEDIUM,VER,2.0,79.073,Qualifying,36.95333333333334,49.49333333333333,6.0,0.0,2.0,1.0,2.0,1.0,14.0,15.0,4.655,66,-0.048490802739936174,88.27065196644347,0.1343666666666659,85.6250777777778,0.08988772893772828,86.24813229548229
4101,Spanish Grand Prix,6,2022,Red Bull Racing,MEDIUM,VER,3.0,79.073,Qualifying,36.7,49.1,7.0,0.0,2.0,1.0,3.0,13.0,35.0,1.0,4.655,66,-0.048490802739936174,88.27065196644347,0.08463030303030308,83.71259393939394,0.08830303030302902,83.34724848484858
4102,Spanish Grand Prix,6,2022,Red Bull Racing,MEDIUM,VER,4.0,79.073,Qualifying,36.57272727272727,48.51818181818181,7.909090909090909,0.0,2.0,1.0,4.0,1.0,45.0,22.0,4.655,66,-0.048490802739936174,88.27065196644347,0.05311274509803888,83.76462745098038,,
4103,Spanish Grand Prix,6,2022,Red Bull Racing,SOFT,PER,1.0,79.42,Qualifying,36.86470588235294,49.5529411764706,6.0588235294117645,0.0,5.0,2.0,1.0,4.0,1.0,17.0,4.655,66,-0.04334948330477263,88.35423046165027,0.15104545454545182,87.76904545454548,0.04283165584415389,86.22029117965371
4104,Spanish Grand Prix,6,2022,Red Bull Racing,SOFT,PER,4.0,79.42,Qualifying,36.43076923076922,48.17692307692308,8.461538461538462,0.0,5.0,2.0,4.0,4.0,54.0,13.0,4.655,66,-0.04334948330477263,88.35423046165027,0.04690476190476301,83.13576190476184,,
4105,Spanish Grand Prix,6,2022,Red Bull Racing,SOFT,VER,1.0,79.073,Qualifying,36.89999999999999,49.50000000000001,6.076923076923077,0.0,2.0,1.0,1.0,4.0,1.0,13.0,4.655,66,-0.048490802739936174,88.27065196644347,0.116099999999995,87.20020000000004,0.1335727272727234,87.48462272727275
4106,Spanish Grand Prix,6,2022,Red Bull Racing,SOFT,VER,3.0,79.073,Qualifying,36.82000000000001,49.14666666666667,7.0,0.0,2.0,1.0,3.0,4.0,29.0,15.0,4.655,66,-0.048490802739936174,88.27065196644347,0.08463030303030308,83.71259393939394,-1.1038375695732858,151.68332520098954
4107,Spanish Grand Prix,6,2022,Williams,MEDIUM,ALB,2.0,81.645,Qualifying,36.96428571428572,49.521428571428565,5.928571428571429,0.0,18.0,18.0,2.0,1.0,12.0,14.0,4.655,66,-0.0357037218413319,90.86831165523999,0.2357500000000046,87.06624999999987,0.12884166666666794,85.73899166666662
4108,Spanish Grand Prix,6,2022,Williams,MEDIUM,ALB,4.0,81.645,Qualifying,36.71111111111111,48.73333333333333,7.666666666666667,0.0,18.0,18.0,4.0,1.0,46.0,9.0,4.655,66,-0.0357037218413319,90.86831165523999,-0.02299999999999767,90.53799999999988,,
4109,Spanish Grand Prix,6,2022,Williams,MEDIUM,LAT,2.0,81.915,Qualifying,36.96428571428572,49.5,5.928571428571429,0.0,19.0,16.0,2.0,1.0,13.0,14.0,4.655,66,-0.06182803468208059,90.99145086705201,0.11654761904761995,88.47382142857138,0.1761488095238123,87.77003571428563
4110,Spanish Grand Prix,6,2022,Williams,SOFT,ALB,1.0,81.645,Qualifying,36.92727272727273,49.5,6.181818181818182,0.0,18.0,18.0,1.0,1.0,1.0,11.0,4.655,66,-0.0357037218413319,90.86831165523999,0.2933999999999946,89.16000000000005,0.14079615384615307,87.65223076923077
4111,Spanish Grand Prix,6,2022,Williams,SOFT,ALB,3.0,81.645,Qualifying,36.835,49.15500000000001,7.05,0.0,18.0,18.0,3.0,1.0,26.0,20.0,4.655,66,-0.0357037218413319,90.86831165523999,0.07056916996047397,88.04851877470352,-0.01379041501976526,88.16531216512968
4112,Spanish Grand Prix,6,2022,Williams,SOFT,ALB,5.0,81.645,Qualifying,36.39999999999999,48.10000000000001,8.2,0.0,18.0,18.0,5.0,4.0,55.0,10.0,4.655,66,-0.0357037218413319,90.86831165523999,0.3928999999999956,65.88280000000024,,
4113,Spanish Grand Prix,6,2022,Williams,SOFT,LAT,1.0,81.915,Qualifying,36.93333333333334,49.51666666666667,6.166666666666667,0.0,19.0,16.0,1.0,1.0,1.0,12.0,4.655,66,-0.06182803468208059,90.99145086705201,0.22788571428571472,89.68907619047619,0.2606428571428547,89.42453809523812
4114,Spanish Grand Prix,6,2022,Williams,SOFT,LAT,3.0,81.915,Qualifying,36.80416666666667,49.09583333333334,7.125,0.0,19.0,16.0,3.0,1.0,27.0,24.0,4.655,66,-0.06182803468208059,90.99145086705201,0.04359649122807142,88.27847953216366,0.05708283059427269,88.16349915343359
4115,Spanish Grand Prix,6,2022,Williams,SOFT,LAT,4.0,81.915,Qualifying,36.46428571428571,48.26428571428572,8.214285714285714,0.0,19.0,16.0,4.0,4.0,51.0,14.0,4.655,66,-0.06182803468208059,90.99145086705201,0.2978928571428608,71.87510714285693,0.14342976190476592,77.92990912698389
