0,Abu Dhabi Grand Prix,17,2020,Alfa Romeo Racing,HARD,GIO,2.0,97.066,Qualifying,22.59629629629629,26.06296296296296,61.65185185185184,0.0,14.0,16.0,2.0,1.0,28.0,27.0,5.554,55,-0.10932098765432076,105.8906296296296,0.05658360709592593,100.60738107752961,,
1,Abu Dhabi Grand Prix,17,2020,Alfa Romeo Racing,HARD,RAI,2.0,97.555,Qualifying,22.893023255813947,26.581395348837216,58.38139534883721,0.0,15.0,12.0,2.0,,12.0,43.0,5.554,55,0.005000000000001887,105.237,-0.07719526355997039,106.35222841864024,-0.01030582823202223,103.47980474808492
2,Abu Dhabi Grand Prix,17,2020,Alfa Romeo Racing,MEDIUM,GIO,1.0,97.066,Qualifying,23.44074074074074,28.00740740740741,52.51111111111112,0.0,14.0,16.0,1.0,1.0,1.0,27.0,5.554,55,-0.10932098765432076,105.8906296296296,-0.36524746743849507,116.7067001447178,,
3,Abu Dhabi Grand Prix,17,2020,Alfa Romeo Racing,MEDIUM,RAI,1.0,97.555,Qualifying,23.56,28.880000000000003,51.65999999999999,0.0,15.0,12.0,1.0,1.0,1.0,10.0,5.554,55,0.005000000000001887,105.237,0.21679999999998606,104.27310000000008,-0.0742237337192545,110.48990007235895
4,Abu Dhabi Grand Prix,17,2020,Alfa Romeo Racing,MEDIUM,RAI,2.0,97.555,Qualifying,23.4,27.9,51.7,0.0,15.0,12.0,2.0,,11.0,1.0,5.554,55,0.005000000000001887,105.237,-0.07719526355997039,106.35222841864024,,
5,Abu Dhabi Grand Prix,17,2020,AlphaTauri,HARD,GAS,2.0,96.242,Qualifying,22.89777777777777,26.59777777777777,58.27999999999999,0.0,9.0,8.0,2.0,1.0,11.0,45.0,5.554,55,0.014027777777776989,104.43225,-0.04707385928438511,105.0468376189955,,
6,Abu Dhabi Grand Prix,17,2020,AlphaTauri,HARD,KVY,2.0,95.963,Qualifying,22.909090909090903,26.609090909090916,58.2090909090909,0.0,7.0,11.0,2.0,1.0,11.0,44.0,5.554,55,1.2404000000000002,100.77346666666668,-0.06314272962346375,105.85363858878542,-0.05510829445392443,105.45023810389046
7,Abu Dhabi Grand Prix,17,2020,AlphaTauri,SOFT,GAS,1.0,96.242,Qualifying,23.56,28.910000000000004,51.65,0.0,9.0,8.0,1.0,4.0,1.0,10.0,5.554,55,0.014027777777776989,104.43225,0.11349999999998596,103.8905000000001,,
8,Abu Dhabi Grand Prix,17,2020,AlphaTauri,SOFT,KVY,1.0,95.963,Qualifying,23.56,28.910000000000004,51.65,0.0,7.0,11.0,1.0,4.0,1.0,10.0,5.554,55,1.2404000000000002,100.77346666666668,0.08319999999999722,104.21390000000001,0.09834999999999158,104.05220000000006
9,Abu Dhabi Grand Prix,17,2020,Ferrari,HARD,LEC,2.0,95.881,Qualifying,22.709375,26.209375,60.590625,0.0,12.0,13.0,2.0,1.0,23.0,32.0,5.554,55,-0.11045454545454614,105.45803030303031,0.011246520342613794,102.56083940042816,,
10,Abu Dhabi Grand Prix,17,2020,Ferrari,HARD,VET,1.0,96.631,Qualifying,23.311428571428568,27.685714285714287,54.19714285714287,0.0,13.0,14.0,1.0,1.0,1.0,35.0,5.554,55,-0.062190476190476726,105.09090476190474,-0.03623938848920894,105.13808651079138,,
11,Abu Dhabi Grand Prix,17,2020,Ferrari,MEDIUM,LEC,1.0,95.881,Qualifying,23.477272727272723,28.236363636363635,51.877272727272725,0.0,12.0,13.0,1.0,4.0,1.0,22.0,5.554,55,-0.11045454545454614,105.45803030303031,0.1352611464968169,107.16758193398952,,
12,Abu Dhabi Grand Prix,17,2020,Ferrari,MEDIUM,VET,2.0,96.631,Qualifying,22.50526315789474,25.831578947368417,62.09473684210526,0.0,13.0,14.0,2.0,1.0,36.0,19.0,5.554,55,-0.062190476190476726,105.09090476190474,0.08983838383838368,98.92649494949495,,
13,Abu Dhabi Grand Prix,17,2020,Haas F1 Team,HARD,FIT,2.0,98.173,Qualifying,23.2125,27.229166666666668,55.23749999999999,0.0,17.0,19.0,2.0,1.0,11.0,24.0,5.554,55,-0.08154895366218355,107.03917526158446,-0.05743676470588144,106.9438264705882,,
14,Abu Dhabi Grand Prix,17,2020,Haas F1 Team,HARD,MAG,1.0,97.863,Qualifying,23.36774193548387,27.835483870967742,53.53225806451613,0.0,20.0,18.0,1.0,1.0,1.0,31.0,5.554,55,-0.09289579684763528,106.44164477524807,-0.3130851501977584,114.60559552838886,,
15,Abu Dhabi Grand Prix,17,2020,Haas F1 Team,MEDIUM,FIT,1.0,98.173,Qualifying,23.55,28.880000000000003,51.73,0.0,17.0,19.0,1.0,1.0,1.0,10.0,5.554,55,-0.08154895366218355,107.03917526158446,0.18599999999998726,105.40666666666674,,
16,Abu Dhabi Grand Prix,17,2020,Haas F1 Team,MEDIUM,FIT,3.0,98.173,Qualifying,22.6,25.992857142857144,61.84285714285714,0.0,17.0,19.0,3.0,1.0,35.0,14.0,5.554,55,-0.08154895366218355,107.03917526158446,0.2348131067961158,95.27287621359224,,
17,Abu Dhabi Grand Prix,17,2020,Haas F1 Team,MEDIUM,MAG,2.0,97.863,Qualifying,22.64375,26.11875,61.6625,0.0,20.0,18.0,2.0,1.0,32.0,16.0,5.554,55,-0.09289579684763528,106.44164477524807,0.45584078212291057,86.25715921787686,,
18,Abu Dhabi Grand Prix,17,2020,Haas F1 Team,MEDIUM,MAG,3.0,97.863,Qualifying,22.31428571428572,25.5,62.642857142857146,0.0,20.0,18.0,3.0,1.0,48.0,7.0,5.554,55,-0.09289579684763528,106.44164477524807,,,,
19,Abu Dhabi Grand Prix,17,2020,Haas F1 Team,SOFT,FIT,4.0,98.173,Qualifying,22.3,25.44,62.74000000000001,0.0,17.0,19.0,4.0,1.0,49.0,5.0,5.554,55,,,,,,
20,Abu Dhabi Grand Prix,17,2020,McLaren,HARD,NOR,2.0,95.497,Qualifying,22.90444444444444,26.61111111111111,58.28222222222221,0.0,4.0,5.0,2.0,1.0,11.0,45.0,5.554,55,-0.0349166666666666,104.03675,-0.031608162818688605,103.90766582777107,,
21,Abu Dhabi Grand Prix,17,2020,McLaren,HARD,SAI,2.0,95.815,Qualifying,22.90444444444444,26.608888888888885,58.28222222222222,0.0,6.0,6.0,2.0,1.0,11.0,45.0,5.554,55,-0.028666666666664196,104.41499999999999,-0.04527596017069617,104.43120483641532,-0.038442061494692384,104.1694353320932
22,Abu Dhabi Grand Prix,17,2020,McLaren,MEDIUM,SAI,1.0,95.815,Qualifying,23.56,28.910000000000004,51.65,0.0,6.0,6.0,1.0,4.0,1.0,10.0,5.554,55,-0.028666666666664196,104.41499999999999,0.15009999999998494,103.66370000000012,,
23,Abu Dhabi Grand Prix,17,2020,McLaren,SOFT,NOR,1.0,95.497,Qualifying,23.56,28.910000000000004,51.65,0.0,4.0,5.0,1.0,4.0,1.0,10.0,5.554,55,-0.0349166666666666,104.03675,0.38139999999999424,102.46480000000004,,
24,Abu Dhabi Grand Prix,17,2020,Mercedes,HARD,BOT,2.0,95.271,Qualifying,22.90666666666666,26.620000000000008,58.23777777777779,0.0,2.0,2.0,2.0,1.0,11.0,45.0,5.554,55,-0.07650000000000112,102.90550000000002,0.002618539592222669,101.67351019440498,,
25,Abu Dhabi Grand Prix,17,2020,Mercedes,HARD,HAM,2.0,95.332,Qualifying,22.90666666666666,26.617777777777786,58.24222222222223,0.0,3.0,3.0,2.0,1.0,11.0,45.0,5.554,55,-0.08888888888889071,103.38733333333336,0.00988434183171057,101.52417441733229,0.00625144071196662,101.59884230586863
26,Abu Dhabi Grand Prix,17,2020,Mercedes,MEDIUM,BOT,1.0,95.271,Qualifying,23.56,28.93,51.63,0.0,2.0,2.0,1.0,4.0,1.0,10.0,5.554,55,-0.07650000000000112,102.90550000000002,-0.0029000000000051064,102.7192,,
27,Abu Dhabi Grand Prix,17,2020,Mercedes,MEDIUM,HAM,1.0,95.332,Qualifying,23.56,28.93,51.60999999999999,0.0,3.0,3.0,1.0,4.0,1.0,10.0,5.554,55,-0.08888888888889071,103.38733333333336,-0.021400000000007236,103.17720000000006,-0.012150000000006171,102.94820000000003
28,Abu Dhabi Grand Prix,17,2020,Racing Point,HARD,PER,1.0,96.034,Qualifying,23.525,29.0375,51.8125,0.0,19.0,20.0,1.0,1.0,1.0,8.0,5.554,55,,,-0.7495000000000048,107.68450000000006,,
29,Abu Dhabi Grand Prix,17,2020,Racing Point,HARD,STR,2.0,96.046,Qualifying,22.89777777777777,26.58888888888889,58.26888888888888,0.0,8.0,10.0,2.0,1.0,11.0,45.0,5.554,55,0.006750000000001031,104.53341666666668,-0.0476657388272683,105.27442604698248,,
30,Abu Dhabi Grand Prix,17,2020,Racing Point,SOFT,STR,1.0,96.046,Qualifying,23.56,28.910000000000004,51.65,0.0,8.0,10.0,1.0,4.0,1.0,10.0,5.554,55,0.006750000000001031,104.53341666666668,0.05849999999999495,104.27350000000003,,
31,Abu Dhabi Grand Prix,17,2020,Red Bull Racing,HARD,ALB,2.0,95.571,Qualifying,22.908888888888885,26.61111111111112,58.24888888888889,0.0,5.0,4.0,2.0,1.0,11.0,45.0,5.554,55,-0.11972222222222272,104.37450000000003,-0.021332859174963692,102.60479943100992,,
32,Abu Dhabi Grand Prix,17,2020,Red Bull Racing,HARD,VER,2.0,95.246,Qualifying,22.911111111111104,26.62888888888889,58.20444444444445,0.0,1.0,1.0,2.0,1.0,11.0,45.0,5.554,55,-0.09083333333333227,102.70883333333335,0.00863190721085468,101.19938341175184,-0.006350475982054506,101.90209142138087
33,Abu Dhabi Grand Prix,17,2020,Red Bull Racing,MEDIUM,VER,1.0,95.246,Qualifying,23.56,28.93,51.620000000000005,0.0,1.0,1.0,1.0,4.0,1.0,10.0,5.554,55,-0.09083333333333227,102.70883333333335,0.051299999999995016,102.29660000000004,,
34,Abu Dhabi Grand Prix,17,2020,Red Bull Racing,SOFT,ALB,1.0,95.571,Qualifying,23.56,28.910000000000004,51.65,0.0,5.0,4.0,1.0,4.0,1.0,10.0,5.554,55,-0.11972222222222272,104.37450000000003,-0.32760000000000356,105.38280000000003,,
35,Abu Dhabi Grand Prix,17,2020,Renault,HARD,OCO,2.0,96.359,Qualifying,22.89555555555555,26.58666666666667,58.30888888888888,0.0,10.0,9.0,2.0,1.0,11.0,45.0,5.554,55,1.2474999999999967,100.99750000000004,-0.05266619433198423,105.47126599190285,,
36,Abu Dhabi Grand Prix,17,2020,Renault,HARD,RIC,1.0,96.406,Qualifying,23.26153846153845,27.54615384615385,54.90256410256411,0.0,11.0,7.0,1.0,1.0,1.0,39.0,5.554,55,-0.0673504273504282,104.98938461538462,-0.08009158714489653,105.0946768673906,,
37,Abu Dhabi Grand Prix,17,2020,Renault,MEDIUM,OCO,1.0,96.359,Qualifying,23.56,28.910000000000004,51.65,0.0,10.0,9.0,1.0,1.0,1.0,10.0,5.554,55,1.2474999999999967,100.99750000000004,0.21379999999999533,103.89510000000003,,
38,Abu Dhabi Grand Prix,17,2020,Renault,MEDIUM,RIC,2.0,96.406,Qualifying,22.45,25.7375,62.31875,0.0,11.0,7.0,2.0,1.0,40.0,16.0,5.554,55,-0.0673504273504282,104.98938461538462,0.008627272727272574,101.41470909090907,,
39,Abu Dhabi Grand Prix,17,2020,Williams,HARD,LAT,2.0,98.443,Qualifying,23.191666666666663,27.175,55.6,0.0,18.0,17.0,2.0,1.0,12.0,24.0,5.554,55,-0.10165893923428053,107.18140358271862,-0.0942696078431393,107.52444607843141,,
40,Abu Dhabi Grand Prix,17,2020,Williams,HARD,RUS,2.0,98.045,Qualifying,22.89999999999999,26.61136363636364,58.26818181818183,0.0,16.0,15.0,2.0,1.0,11.0,44.0,5.554,55,-0.07558974358974035,106.4284358974359,-0.03394021477800935,105.46540956082706,-0.06410491131057433,106.49492781962923
41,Abu Dhabi Grand Prix,17,2020,Williams,MEDIUM,LAT,1.0,98.443,Qualifying,23.536363636363635,28.79090909090909,51.72727272727273,0.0,18.0,17.0,1.0,1.0,1.0,11.0,5.554,55,-0.10165893923428053,107.18140358271862,-0.06249999999999154,106.97066666666659,,
42,Abu Dhabi Grand Prix,17,2020,Williams,MEDIUM,LAT,3.0,98.443,Qualifying,22.489473684210527,25.852631578947367,62.17894736842104,0.0,18.0,17.0,3.0,1.0,36.0,19.0,5.554,55,-0.10165893923428053,107.18140358271862,-0.005456043956045073,103.11728571428579,,
43,Abu Dhabi Grand Prix,17,2020,Williams,MEDIUM,RUS,1.0,98.045,Qualifying,23.55,28.880000000000003,51.73,0.0,16.0,15.0,1.0,1.0,1.0,10.0,5.554,55,-0.07558974358974035,106.4284358974359,0.03169999999999555,106.00390000000002,-0.015399999999997995,106.4872833333333
44,Abu Dhabi Grand Prix,21,2018,Ferrari,SUPERSOFT,VET,2.0,95.125,Qualifying,30.135,32.0825,51.55,0.1,3.0,2.0,2.0,1.0,16.0,40.0,5.554,55,-0.13519444444444442,106.11916666666667,-0.05720448179271713,105.21401848739487,,
45,Abu Dhabi Grand Prix,21,2018,Ferrari,ULTRASOFT,RAI,1.0,95.365,Qualifying,32.57142857142857,34.471428571428575,37.785714285714285,0.0,4.0,19.0,1.0,5.0,1.0,7.0,5.554,55,,,,,,
46,Abu Dhabi Grand Prix,21,2018,Ferrari,ULTRASOFT,VET,1.0,95.125,Qualifying,32.806666666666665,34.413333333333334,37.16666666666667,0.0,3.0,2.0,1.0,4.0,1.0,15.0,5.554,55,-0.13519444444444442,106.11916666666667,0.10100000000000513,104.11699999999993,,
47,Abu Dhabi Grand Prix,21,2018,Haas F1 Team,HYPERSOFT,GRO,1.0,96.192,Qualifying,32.57142857142857,34.471428571428575,37.74285714285715,0.0,7.0,9.0,1.0,4.0,1.0,7.0,5.554,55,,,,,,
48,Abu Dhabi Grand Prix,21,2018,Haas F1 Team,SUPERSOFT,GRO,2.0,96.192,Qualifying,30.62127659574469,32.44468085106383,49.08297872340426,0.0638297872340425,7.0,9.0,2.0,1.0,8.0,47.0,5.554,55,,,-0.0901711163913282,109.05935583453385,,
49,Abu Dhabi Grand Prix,21,2018,Haas F1 Team,SUPERSOFT,MAG,1.0,97.309,Qualifying,31.83658536585366,33.44146341463414,43.01219512195122,0.073170731707317,13.0,10.0,1.0,1.0,1.0,41.0,5.554,55,-0.08638596491227996,108.75731578947368,-0.13158666872396305,109.77013016509798,,
50,Abu Dhabi Grand Prix,21,2018,Haas F1 Team,ULTRASOFT,MAG,2.0,97.309,Qualifying,27.892307692307693,30.415384615384617,62.01538461538461,0.0,13.0,10.0,2.0,1.0,42.0,13.0,5.554,55,-0.08638596491227996,108.75731578947368,-0.35622540983605966,121.92415573770465,,
51,Abu Dhabi Grand Prix,21,2018,McLaren,SUPERSOFT,ALO,2.0,97.743,Qualifying,28.940740740740736,31.25185185185185,57.08518518518519,0.074074074074074,15.0,11.0,2.0,1.0,28.0,27.0,5.554,55,-0.06963888888888962,108.06550000000003,-0.10108842272968643,109.31870764737121,,
52,Abu Dhabi Grand Prix,21,2018,McLaren,SUPERSOFT,VAN,1.0,98.577,Qualifying,32.09142857142857,33.58285714285713,41.74,0.0857142857142857,18.0,14.0,1.0,1.0,1.0,35.0,5.554,55,-0.0975000000000004,108.80833333333338,-0.02209584980237139,108.00709980237154,,
53,Abu Dhabi Grand Prix,21,2018,McLaren,ULTRASOFT,ALO,1.0,97.743,Qualifying,32.7962962962963,34.15185185185185,38.33703703703704,0.037037037037037,15.0,11.0,1.0,1.0,1.0,27.0,5.554,55,-0.06963888888888962,108.06550000000003,-0.039555882352941926,108.04985294117647,,
54,Abu Dhabi Grand Prix,21,2018,McLaren,ULTRASOFT,VAN,2.0,98.577,Qualifying,28.46315789473684,30.894736842105264,59.2842105263158,0.0,18.0,14.0,2.0,1.0,36.0,19.0,5.554,55,-0.0975000000000004,108.80833333333338,-0.09141538461538504,108.94125714285714,,
55,Abu Dhabi Grand Prix,21,2018,Mercedes,SUPERSOFT,BOT,2.0,94.956,Qualifying,31.225,32.891666666666666,46.56666666666666,0.1666666666666666,2.0,5.0,2.0,1.0,17.0,24.0,5.554,55,-0.08148438978240317,105.63531283506784,-0.05282397003745674,105.2983445692885,,
56,Abu Dhabi Grand Prix,21,2018,Mercedes,SUPERSOFT,HAM,2.0,94.794,Qualifying,30.633333333333336,32.458333333333336,49.020833333333336,0.0833333333333333,1.0,1.0,2.0,1.0,8.0,48.0,5.554,55,,,-0.07252929628510944,105.99768166717,-0.0626766331612831,105.64801311822924
57,Abu Dhabi Grand Prix,21,2018,Mercedes,ULTRASOFT,BOT,1.0,94.956,Qualifying,32.825,34.40625,37.1125,0.0,2.0,5.0,1.0,4.0,1.0,16.0,5.554,55,-0.08148438978240317,105.63531283506784,-0.09840000000000461,106.09600000000002,,
58,Abu Dhabi Grand Prix,21,2018,Mercedes,ULTRASOFT,BOT,3.0,94.956,Qualifying,28.0,30.426666666666662,61.50666666666666,0.0,2.0,5.0,3.0,1.0,41.0,15.0,5.554,55,-0.08148438978240317,105.63531283506784,0.12420606060606051,97.35860606060609,,
59,Abu Dhabi Grand Prix,21,2018,Mercedes,ULTRASOFT,HAM,1.0,94.794,Qualifying,32.54285714285714,34.51428571428572,37.81428571428571,0.0,1.0,1.0,1.0,4.0,1.0,7.0,5.554,55,,,,,,
60,Abu Dhabi Grand Prix,21,2018,Racing Point,HYPERSOFT,OCO,1.0,96.54,Qualifying,32.87222222222223,34.37777777777777,37.0,0.0,9.0,17.0,1.0,4.0,1.0,18.0,5.554,55,-0.6045555555555555,119.40433333333331,-2.6513811475409894,142.10123360655749,,
61,Abu Dhabi Grand Prix,21,2018,Racing Point,SUPERSOFT,OCO,2.0,96.54,Qualifying,30.9037037037037,32.63333333333333,48.096296296296295,0.1111111111111111,9.0,17.0,2.0,1.0,19.0,27.0,5.554,55,-0.6045555555555555,119.40433333333331,-0.18987012987013122,111.57060606060614,,
62,Abu Dhabi Grand Prix,21,2018,Racing Point,SUPERSOFT,PER,2.0,97.255,Qualifying,28.917241379310347,31.224137931034484,57.20344827586207,0.1034482758620689,14.0,8.0,2.0,1.0,27.0,29.0,5.554,55,-0.47175362318840436,118.38552173913038,-0.0718334782608697,107.20604768115946,-0.13085180406550045,109.38832687088279
63,Abu Dhabi Grand Prix,21,2018,Racing Point,ULTRASOFT,PER,1.0,97.255,Qualifying,32.85769230769231,34.22692307692307,37.87692307692308,0.0,14.0,8.0,1.0,1.0,1.0,26.0,5.554,55,-0.47175362318840436,118.38552173913038,-0.7576900994575064,120.39646225135625,,
64,Abu Dhabi Grand Prix,21,2018,Red Bull Racing,HYPERSOFT,RIC,2.0,95.401,Qualifying,27.4,28.3,65.2,0.0,5.0,4.0,2.0,34.0,49.0,1.0,5.554,55,-0.3768000000000013,116.97346666666664,-0.02106372549019549,103.75051470588232,,
65,Abu Dhabi Grand Prix,21,2018,Red Bull Racing,HYPERSOFT,VER,1.0,95.589,Qualifying,32.85882352941177,34.4,37.02352941176471,0.0,6.0,3.0,1.0,4.0,1.0,17.0,5.554,55,-0.7577857142857152,118.87804761904769,-2.9481557377049263,143.58141803278704,,
66,Abu Dhabi Grand Prix,21,2018,Red Bull Racing,SUPERSOFT,RIC,2.0,95.401,Qualifying,28.852380952380948,31.366666666666664,57.28095238095239,0.0,5.0,4.0,2.0,1.0,34.0,21.0,5.554,55,-0.3768000000000013,116.97346666666664,-0.02106372549019549,103.75051470588232,,
67,Abu Dhabi Grand Prix,21,2018,Red Bull Racing,SUPERSOFT,VER,2.0,95.589,Qualifying,29.978947368421046,31.963157894736835,52.352631578947374,0.1052631578947368,6.0,3.0,2.0,1.0,18.0,38.0,5.554,55,-0.7577857142857152,118.87804761904769,-0.049106283422460616,105.05559915329769,-0.035085004456328055,104.40305692959001
68,Abu Dhabi Grand Prix,21,2018,Red Bull Racing,ULTRASOFT,RIC,1.0,95.401,Qualifying,32.27272727272727,33.71818181818182,40.85454545454545,0.1212121212121212,5.0,4.0,1.0,5.0,1.0,33.0,5.554,55,-0.3768000000000013,116.97346666666664,-0.3568775433485245,112.77687369014612,,
69,Abu Dhabi Grand Prix,21,2018,Renault,HYPERSOFT,HUL,1.0,96.542,Qualifying,32.3,34.1,38.7,0.0,10.0,20.0,1.0,4.0,0.0,1.0,5.554,55,,,,,,
70,Abu Dhabi Grand Prix,21,2018,Renault,SUPERSOFT,SAI,2.0,96.982,Qualifying,28.32777777777778,30.811111111111117,59.93333333333333,0.0,11.0,6.0,2.0,1.0,38.0,18.0,5.554,55,-0.13038235294117625,108.02996078431372,-0.03214285714285506,104.73379120879108,,
71,Abu Dhabi Grand Prix,21,2018,Renault,ULTRASOFT,SAI,1.0,96.982,Qualifying,31.978378378378387,33.524324324324326,42.29189189189189,0.081081081081081,11.0,6.0,1.0,1.0,1.0,37.0,5.554,55,-0.13038235294117625,108.02996078431372,-0.1720892307692313,109.55312307692314,,
72,Abu Dhabi Grand Prix,21,2018,Sauber,HYPERSOFT,LEC,1.0,96.237,Qualifying,32.55714285714286,34.51428571428572,37.785714285714285,0.0,8.0,7.0,1.0,4.0,1.0,7.0,5.554,55,,,,,,
73,Abu Dhabi Grand Prix,21,2018,Sauber,SUPERSOFT,ERI,1.0,97.132,Qualifying,32.93333333333334,34.34166666666667,37.225,0.0,12.0,18.0,1.0,1.0,1.0,24.0,5.554,55,,,-0.08859340659340618,108.75857142857143,,
74,Abu Dhabi Grand Prix,21,2018,Sauber,SUPERSOFT,LEC,2.0,96.237,Qualifying,30.51875,32.37708333333333,49.575,0.0625,8.0,7.0,2.0,1.0,8.0,48.0,5.554,55,,,-0.11413017215342715,109.12446783449107,,
75,Abu Dhabi Grand Prix,21,2018,Toro Rosso,SUPERSOFT,GAS,1.0,98.166,Qualifying,32.62413793103449,33.96551724137932,39.248275862068965,0.1034482758620689,17.0,16.0,1.0,1.0,1.0,29.0,5.554,55,-0.04897435897435826,107.64417948717954,-0.04380701754386079,108.04859649122811,,
76,Abu Dhabi Grand Prix,21,2018,Toro Rosso,SUPERSOFT,HAR,2.0,97.994,Qualifying,30.75192307692308,32.56923076923077,48.32692307692308,0.0576923076923076,16.0,12.0,2.0,3.0,3.0,52.0,5.554,55,,,-0.07087928476737633,109.02826732845156,,
77,Abu Dhabi Grand Prix,21,2018,Toro Rosso,ULTRASOFT,GAS,2.0,98.166,Qualifying,30.05882352941176,32.21176470588235,51.41764705882353,0.0,17.0,16.0,2.0,1.0,30.0,17.0,5.554,55,-0.04897435897435826,107.64417948717954,-0.21434374999999845,112.94031249999995,,
78,Abu Dhabi Grand Prix,21,2018,Toro Rosso,ULTRASOFT,HAR,1.0,97.994,Qualifying,32.3,34.1,38.7,0.0,16.0,12.0,1.0,,1.0,1.0,5.554,55,,,,,,
79,Abu Dhabi Grand Prix,21,2018,Toro Rosso,ULTRASOFT,HAR,2.0,97.994,Qualifying,32.5,34.7,38.2,0.0,16.0,12.0,2.0,,2.0,1.0,5.554,55,,,-0.07087928476737633,109.02826732845156,-0.14261151738368738,110.98428991422576
80,Abu Dhabi Grand Prix,21,2018,Williams,SUPERSOFT,SIR,1.0,98.635,Qualifying,32.08571428571429,33.58285714285714,41.81142857142857,0.0857142857142857,19.0,15.0,1.0,1.0,1.0,35.0,5.554,55,-0.11118750000000031,109.5427916666667,-0.0471531620553345,108.72743379446636,,
81,Abu Dhabi Grand Prix,21,2018,Williams,SUPERSOFT,STR,1.0,98.682,Qualifying,31.8725,33.467499999999994,42.83,0.075,20.0,13.0,1.0,1.0,1.0,40.0,5.554,55,-0.0755225225225223,108.5768018018018,-0.09117438423645496,109.08604729064042,-0.06916377314589472,108.9067405425534
82,Abu Dhabi Grand Prix,21,2018,Williams,ULTRASOFT,SIR,2.0,98.635,Qualifying,28.41578947368421,30.89473684210527,59.43684210526317,0.0,19.0,15.0,2.0,1.0,36.0,19.0,5.554,55,-0.11118750000000031,109.5427916666667,-0.13888351648351752,111.69977142857148,,
83,Abu Dhabi Grand Prix,21,2018,Williams,ULTRASOFT,STR,2.0,98.682,Qualifying,27.82857142857143,30.285714285714285,62.32857142857143,0.0,20.0,13.0,2.0,1.0,41.0,14.0,5.554,55,-0.0755225225225223,108.5768018018018,-0.13236666666666266,111.81582222222204,-0.1356250915750901,111.75779682539675
84,Abu Dhabi Grand Prix,21,2019,Alfa Romeo Racing,HARD,GIO,2.0,98.114,Qualifying,25.93333333333333,29.550000000000004,65.03888888888889,0.0,16.0,16.0,2.0,1.0,9.0,18.0,5.554,55,-0.09938972431077683,106.42547493734335,0.19487062937062855,102.82084731934734,0.05883768290532908,104.58653786899379
85,Abu Dhabi Grand Prix,21,2019,Alfa Romeo Racing,HARD,RAI,2.0,98.383,Qualifying,25.38125,27.928125,68.55937499999999,0.0,17.0,13.0,2.0,1.0,23.0,32.0,5.554,55,-0.15577272727272726,107.25465151515152,-0.006159421058212923,104.11119266249605,0.0943556041562078,103.4660199909217
86,Abu Dhabi Grand Prix,21,2019,Alfa Romeo Racing,MEDIUM,GIO,3.0,98.114,Qualifying,25.325,27.821428571428577,68.99999999999999,0.0,16.0,16.0,3.0,1.0,27.0,28.0,5.554,55,-0.09938972431077683,106.42547493734335,0.04438241106719402,102.58484288537547,,
87,Abu Dhabi Grand Prix,21,2019,Alfa Romeo Racing,MEDIUM,RAI,1.0,98.383,Qualifying,26.154545454545453,30.031818181818185,63.45,0.0,17.0,13.0,1.0,1.0,1.0,22.0,5.554,55,-0.15577272727272726,107.25465151515152,-0.06162009803921493,106.5116764705882,0.07758995098038557,105.39238823529413
88,Abu Dhabi Grand Prix,21,2019,Alfa Romeo Racing,SOFT,GIO,1.0,98.114,Qualifying,26.4125,30.4375,61.3125,0.0,16.0,16.0,1.0,1.0,1.0,8.0,5.554,55,-0.09938972431077683,106.42547493734335,0.5379999999999824,103.94166666666676,,
89,Abu Dhabi Grand Prix,21,2019,Ferrari,HARD,LEC,2.0,95.219,Qualifying,25.76923076923077,28.91538461538461,66.00384615384615,0.0,3.0,3.0,2.0,1.0,13.0,26.0,5.554,55,-0.06263133097762134,103.48730506478209,0.025467532467532458,102.40427272727274,0.018357026405073126,102.48255606385045
90,Abu Dhabi Grand Prix,21,2019,Ferrari,HARD,VET,2.0,95.339,Qualifying,25.773076923076925,28.919230769230765,66.00769230769231,0.0,4.0,5.0,2.0,1.0,13.0,26.0,5.554,55,-0.07102856301531402,104.60633951707891,-0.05936541353383614,104.87751804511281,-0.01694894053315184,103.64089538619277
91,Abu Dhabi Grand Prix,21,2019,Ferrari,MEDIUM,LEC,1.0,95.219,Qualifying,26.316666666666663,30.366666666666664,61.86666666666667,0.0,3.0,3.0,1.0,4.0,1.0,12.0,5.554,55,-0.06263133097762134,103.48730506478209,-0.02792857142857359,103.53464285714283,0.05366628753412165,105.35111239556618
92,Abu Dhabi Grand Prix,21,2019,Ferrari,MEDIUM,VET,3.0,95.339,Qualifying,25.135294117647057,27.55294117647059,70.5529411764706,0.0,4.0,5.0,3.0,1.0,39.0,17.0,5.554,55,-0.07102856301531402,104.60633951707891,-0.04462727272726971,103.27129999999985,,
93,Abu Dhabi Grand Prix,21,2019,Ferrari,SOFT,LEC,3.0,95.219,Qualifying,25.15882352941176,27.564705882352943,70.45882352941176,0.0,3.0,3.0,3.0,1.0,39.0,17.0,5.554,55,-0.06263133097762134,103.48730506478209,0.1530524475524492,94.16959207459196,,
94,Abu Dhabi Grand Prix,21,2019,Ferrari,SOFT,VET,1.0,95.339,Qualifying,26.325000000000003,30.35,61.9,0.0,4.0,5.0,1.0,4.0,1.0,12.0,5.554,55,-0.07102856301531402,104.60633951707891,0.031028571428568557,103.591980952381,,
95,Abu Dhabi Grand Prix,21,2019,Haas F1 Team,HARD,GRO,2.0,98.051,Qualifying,25.430555555555557,28.066666666666663,68.32499999999999,0.0,15.0,15.0,2.0,2.0,19.0,36.0,5.554,55,-0.06581481481481435,107.32544444444443,-0.04733316286706231,105.99485761580489,-0.05238496378647187,106.46934204319655
96,Abu Dhabi Grand Prix,21,2019,Haas F1 Team,HARD,MAG,2.0,97.254,Qualifying,25.405882352941177,28.0,68.42647058823529,0.0,14.0,14.0,2.0,2.0,21.0,34.0,5.554,55,-0.10343333333333274,106.4476333333333,0.031622660098521244,103.3540285714286,-0.007855251384270533,104.67444309361674
97,Abu Dhabi Grand Prix,21,2019,Haas F1 Team,MEDIUM,GRO,1.0,98.051,Qualifying,26.22222222222222,30.183333333333337,62.85,0.0,15.0,15.0,1.0,1.0,1.0,18.0,5.554,55,-0.06581481481481435,107.32544444444443,-0.12341958041958222,107.36631934731935,0.03129020979020252,106.38649300699305
98,Abu Dhabi Grand Prix,21,2019,Haas F1 Team,MEDIUM,MAG,1.0,97.254,Qualifying,26.19,30.120000000000005,63.175,0.0,14.0,14.0,1.0,1.0,1.0,20.0,5.554,55,-0.10343333333333274,106.4476333333333,-0.10492967032967189,107.16040439560446,-0.11417462537462705,107.26336187146191
99,Abu Dhabi Grand Prix,21,2019,McLaren,HARD,NOR,2.0,96.436,Qualifying,25.569565217391304,28.53695652173913,67.38260869565218,0.0,6.0,8.0,2.0,1.0,9.0,46.0,5.554,55,-0.014041666666668829,105.31845833333337,-0.05230797373358328,105.89232617260788,-0.04879196695213972,105.1617655045116
100,Abu Dhabi Grand Prix,21,2019,McLaren,HARD,SAI,2.0,96.308,Qualifying,25.71379310344827,28.758620689655167,66.39655172413794,0.0,8.0,10.0,2.0,1.0,13.0,29.0,5.554,55,-0.07873118279569939,105.96166666666664,-0.05328608695652137,106.00245072463765,-0.05279703034505233,105.94738844862277
101,Abu Dhabi Grand Prix,21,2019,McLaren,MEDIUM,SAI,3.0,96.308,Qualifying,25.092307692307696,27.507692307692302,70.88461538461539,0.0,8.0,10.0,3.0,1.0,42.0,13.0,5.554,55,-0.07873118279569939,105.96166666666664,0.07378571428570806,98.8176428571432,,
102,Abu Dhabi Grand Prix,21,2019,McLaren,SOFT,NOR,1.0,96.436,Qualifying,26.425,30.4375,61.2875,0.0,6.0,8.0,1.0,4.0,1.0,8.0,5.554,55,-0.014041666666668829,105.31845833333337,,,,
103,Abu Dhabi Grand Prix,21,2019,McLaren,SOFT,SAI,1.0,96.308,Qualifying,26.316666666666663,30.316666666666663,61.883333333333326,0.0,8.0,10.0,1.0,4.0,1.0,12.0,5.554,55,-0.07873118279569939,105.96166666666664,-0.018892857142853985,105.6451071428571,,
104,Abu Dhabi Grand Prix,21,2019,Mercedes,HARD,BOT,2.0,94.973,Qualifying,25.300000000000004,27.77692307692308,69.21923076923076,0.0,20.0,4.0,2.0,1.0,30.0,26.0,5.554,55,-0.1678620689655177,106.57991954022988,-0.0583831168831178,104.04409307359307,-0.024249387525703617,102.78413374546268
105,Abu Dhabi Grand Prix,21,2019,Mercedes,HARD,HAM,2.0,94.779,Qualifying,25.344827586206897,27.858620689655176,68.82758620689656,0.0,1.0,1.0,2.0,1.0,27.0,29.0,5.554,55,-0.04521794871794902,102.98532051282054,-0.01976510446075523,102.48885036702421,-0.039074110671936516,103.26647172030864
106,Abu Dhabi Grand Prix,21,2019,Mercedes,MEDIUM,BOT,1.0,94.973,Qualifying,26.05862068965517,29.727586206896557,64.04482758620689,0.0,20.0,4.0,1.0,4.0,1.0,29.0,5.554,55,-0.1678620689655177,106.57991954022988,-0.1377960836501903,106.14673102661597,-0.07959804182509878,104.66196551330802
107,Abu Dhabi Grand Prix,21,2019,Mercedes,MEDIUM,HAM,1.0,94.779,Qualifying,26.10384615384616,29.89230769230769,63.82692307692308,0.0,1.0,1.0,1.0,4.0,1.0,26.0,5.554,55,-0.04521794871794902,102.98532051282054,0.005102597402594768,102.74327792207798,-0.06634674312379776,104.44500447434697
108,Abu Dhabi Grand Prix,21,2019,Racing Point,HARD,PER,2.0,96.961,Qualifying,25.164705882352937,27.6,70.40588235294115,0.0,10.0,7.0,2.0,1.0,38.0,17.0,5.554,55,-0.07228828828828952,106.39786486486483,-0.03772727272727204,104.86863636363631,-0.042696505777270174,105.0715312053094
109,Abu Dhabi Grand Prix,21,2019,Racing Point,HARD,STR,2.0,97.103,Qualifying,26.02777777777778,29.88888888888889,64.4388888888889,0.0,12.0,20.0,2.0,1.0,6.0,18.0,5.554,55,,,0.195020979020977,102.77002913752915,0.07864685314685248,103.81933275058273
110,Abu Dhabi Grand Prix,21,2019,Racing Point,MEDIUM,PER,1.0,96.961,Qualifying,25.943243243243245,29.36756756756757,64.64324324324323,0.0,10.0,7.0,1.0,1.0,1.0,37.0,5.554,55,-0.07228828828828952,106.39786486486483,-0.048582844574782846,105.83392796920823,,
111,Abu Dhabi Grand Prix,21,2019,Racing Point,MEDIUM,STR,1.0,97.103,Qualifying,26.44,30.380000000000003,60.88000000000001,0.0,12.0,20.0,1.0,1.0,1.0,5.0,5.554,55,,,,,,
112,Abu Dhabi Grand Prix,21,2019,Racing Point,SOFT,STR,3.0,97.103,Qualifying,25.50454545454545,28.090909090909097,67.63181818181818,0.0,12.0,20.0,3.0,1.0,24.0,22.0,5.554,55,,,0.21355025125628174,97.17830653266331,,
113,Abu Dhabi Grand Prix,21,2019,Red Bull Racing,HARD,ALB,2.0,95.682,Qualifying,25.509523809523813,28.33333333333333,67.87857142857142,0.0,5.0,6.0,2.0,1.0,14.0,42.0,5.554,55,0.07628205128205429,103.71015384615387,-0.044840154440155974,104.61670755040758,-0.018104123614650646,102.90804548107971
114,Abu Dhabi Grand Prix,21,2019,Red Bull Racing,HARD,VER,2.0,95.139,Qualifying,25.360000000000003,27.863333333333337,68.71666666666667,0.0,2.0,2.0,2.0,1.0,26.0,30.0,5.554,55,-0.0641333333333324,103.5454,-0.02248384615384708,102.77779769230771,-0.033662000297001525,103.69725262135765
115,Abu Dhabi Grand Prix,21,2019,Red Bull Racing,MEDIUM,ALB,1.0,95.682,Qualifying,26.307692307692317,30.330769230769228,62.06153846153845,0.0,5.0,6.0,1.0,4.0,1.0,13.0,5.554,55,0.07628205128205429,103.71015384615387,0.03590476190475452,103.89346428571437,0.04360238095237477,103.0950321428572
116,Abu Dhabi Grand Prix,21,2019,Red Bull Racing,MEDIUM,VER,1.0,95.139,Qualifying,26.116,29.948,63.74800000000001,0.0,2.0,2.0,1.0,4.0,1.0,25.0,5.554,55,-0.0641333333333324,103.5454,-0.024622556390979464,103.5291045112782,0.005641102756887529,103.71128439849629
117,Abu Dhabi Grand Prix,21,2019,Renault,HARD,RIC,2.0,96.456,Qualifying,25.712903225806446,28.748387096774188,66.44193548387096,0.0,7.0,11.0,2.0,1.0,12.0,31.0,5.554,55,-0.09973588662450139,106.35309721246189,-0.05580752136752115,106.19282222222218,-0.05423685784975269,105.83204410706252
118,Abu Dhabi Grand Prix,21,2019,Renault,MEDIUM,HUL,2.0,96.71,Qualifying,25.43333333333333,28.111111111111107,68.29166666666666,0.0,9.0,12.0,2.0,1.0,19.0,36.0,5.554,55,-0.04203703703703604,105.61844444444442,-0.01878754171301362,104.92741193919163,-0.005080134492870524,103.17106051505036
119,Abu Dhabi Grand Prix,21,2019,Renault,SOFT,HUL,1.0,96.71,Qualifying,26.23333333333333,30.188888888888894,62.82222222222222,0.0,9.0,12.0,1.0,4.0,1.0,18.0,5.554,55,-0.04203703703703604,105.61844444444442,-0.11027272727272579,106.21609090909088,,
120,Abu Dhabi Grand Prix,21,2019,Renault,SOFT,RIC,1.0,96.456,Qualifying,26.33636363636364,30.34545454545454,61.69090909090908,0.0,7.0,11.0,1.0,4.0,1.0,11.0,5.554,55,-0.09973588662450139,106.35309721246189,-0.006628571428570913,105.53641904761909,-0.05845064935064835,105.87625497835498
121,Abu Dhabi Grand Prix,21,2019,Renault,SOFT,RIC,3.0,96.456,Qualifying,25.075,27.48333333333333,70.96666666666667,0.0,7.0,11.0,3.0,4.0,43.0,12.0,5.554,55,-0.09973588662450139,106.35309721246189,0.02435714285714008,100.28978571428587,,
122,Abu Dhabi Grand Prix,21,2019,Toro Rosso,HARD,GAS,2.0,97.089,Qualifying,25.67692307692308,28.765384615384612,66.69230769230771,0.0,11.0,18.0,2.0,1.0,2.0,52.0,5.554,55,,,-0.024120271070463425,105.48949069840117,,
123,Abu Dhabi Grand Prix,21,2019,Toro Rosso,HARD,KVY,1.0,97.141,Qualifying,25.9,29.26,64.94500000000001,0.0,13.0,9.0,1.0,1.0,1.0,40.0,5.554,55,-0.11154166666666758,107.31529166666674,-0.10446290106951717,106.88119741532971,,
124,Abu Dhabi Grand Prix,21,2019,Toro Rosso,MEDIUM,GAS,1.0,97.089,Qualifying,26.4,30.5,59.9,0.0,11.0,18.0,1.0,1.0,1.0,1.0,5.554,55,,,,,,
125,Abu Dhabi Grand Prix,21,2019,Toro Rosso,MEDIUM,KVY,2.0,97.141,Qualifying,25.107142857142858,27.535714285714285,70.77857142857142,0.0,13.0,9.0,2.0,1.0,41.0,14.0,5.554,55,-0.11154166666666758,107.31529166666674,0.1031833333333337,98.33675555555556,,
126,Abu Dhabi Grand Prix,21,2019,Williams,HARD,KUB,1.0,99.236,Qualifying,26.11666666666667,29.9375,63.73749999999999,0.0,19.0,19.0,1.0,1.0,1.0,24.0,5.554,55,-0.0892083333333335,107.908625,-0.0340789473684187,107.3091315789473,,
127,Abu Dhabi Grand Prix,21,2019,Williams,HARD,RUS,1.0,98.717,Qualifying,25.996875000000003,29.534375,64.33749999999999,0.0,18.0,17.0,1.0,1.0,1.0,32.0,5.554,55,-0.1088124999999995,108.04277083333335,-0.04478667582417489,107.49214148351646,-0.039432811596296795,107.40063653123188
128,Abu Dhabi Grand Prix,21,2019,Williams,MEDIUM,KUB,2.0,99.236,Qualifying,25.351724137931036,27.87931034482759,68.73103448275862,0.0,19.0,19.0,2.0,1.0,25.0,29.0,5.554,55,-0.0892083333333335,107.908625,-0.021970710803586244,106.4863130602296,,
129,Abu Dhabi Grand Prix,21,2019,Williams,MEDIUM,RUS,2.0,98.717,Qualifying,25.222727272727276,27.68636363636364,69.84545454545454,0.0,18.0,17.0,2.0,1.0,33.0,22.0,5.554,55,-0.1088124999999995,108.04277083333335,-0.08223644067796697,107.4590822033899,-0.052103575740776606,106.97269763180975
130,Abu Dhabi Grand Prix,22,2021,Alfa Romeo Racing,HARD,GIO,2.0,84.118,Qualifying,24.29375,27.4,60.80625,0.0,14.0,17.0,2.0,1.0,18.0,16.0,5.554,55,-0.09154901960784287,91.93698039215684,-0.07739090909090732,92.06089090909087,-0.04177516507456012,98.08604178579347
131,Abu Dhabi Grand Prix,22,2021,Alfa Romeo Racing,HARD,RAI,2.0,84.779,Qualifying,24.3,27.5,60.400000000000006,0.0,18.0,19.0,2.0,1.0,22.0,4.0,5.554,55,,,,,,
132,Abu Dhabi Grand Prix,22,2021,Alfa Romeo Racing,MEDIUM,GIO,1.0,84.118,Qualifying,24.529411764705884,28.13529411764706,58.35294117647058,0.0,14.0,17.0,1.0,1.0,1.0,17.0,5.554,55,-0.09154901960784287,91.93698039215684,-0.08300349650349775,91.77428321678319,-0.07231179727135634,99.1429798436857
133,Abu Dhabi Grand Prix,22,2021,Alfa Romeo Racing,MEDIUM,RAI,1.0,84.779,Qualifying,24.495238095238093,28.02380952380953,58.64761904761905,0.0,18.0,19.0,1.0,1.0,1.0,21.0,5.554,55,,,-0.12529285714285754,92.46835476190479,-0.10414817682317765,92.12131898934399
134,Abu Dhabi Grand Prix,22,2021,AlphaTauri,HARD,GAS,1.0,83.489,Qualifying,24.4,27.700000000000003,59.80277777777778,0.0,12.0,5.0,1.0,1.0,1.0,36.0,5.554,55,-0.07337962962962936,91.66647222222224,-0.0810049261083744,91.70350246305418,,
135,Abu Dhabi Grand Prix,22,2021,AlphaTauri,HARD,TSU,2.0,83.011,Qualifying,23.99333333333333,26.69,63.22666666666667,0.0,8.0,4.0,2.0,1.0,24.0,30.0,5.554,55,-0.057724637681160484,90.93584057971015,-0.08716369016168142,91.88411402303704,-0.07515320989257258,98.86887630591123
136,Abu Dhabi Grand Prix,22,2021,AlphaTauri,MEDIUM,GAS,2.0,83.489,Qualifying,23.78333333333333,26.25555555555556,64.47777777777777,0.0,12.0,5.0,2.0,4.0,37.0,18.0,5.554,55,-0.07337962962962936,91.66647222222224,-0.1565090909090907,94.98625454545454,,
137,Abu Dhabi Grand Prix,22,2021,AlphaTauri,MEDIUM,TSU,1.0,83.011,Qualifying,24.47826086956521,27.97826086956522,58.71739130434783,0.0,8.0,4.0,1.0,5.0,1.0,23.0,5.554,55,-0.057724637681160484,90.93584057971015,-0.05991911764705946,90.98620588235293,,
138,Abu Dhabi Grand Prix,22,2021,AlphaTauri,SOFT,GAS,3.0,83.489,Qualifying,23.65,25.8,64.7,0.0,12.0,5.0,3.0,1.0,55.0,4.0,5.554,55,,,,,,
139,Abu Dhabi Grand Prix,22,2021,AlphaTauri,SOFT,TSU,3.0,83.011,Qualifying,23.66,25.8,64.66,0.0,8.0,4.0,3.0,4.0,54.0,5.0,5.554,55,,,,,,
140,Abu Dhabi Grand Prix,22,2021,Alpine,HARD,ALO,1.0,83.46,Qualifying,24.4,27.700000000000003,59.80277777777778,0.0,11.0,8.0,1.0,2.0,1.0,36.0,5.554,55,-0.052018518518518055,91.54638888888888,-0.07920184169544327,91.66569016182542,,
141,Abu Dhabi Grand Prix,22,2021,Alpine,HARD,OCO,2.0,83.389,Qualifying,24.01395348837209,26.73720930232558,62.78604651162791,0.0,9.0,9.0,2.0,2.0,16.0,43.0,5.554,55,-0.076133333333334,91.19473333333332,-0.017450694554482303,89.90142019225694,,
142,Abu Dhabi Grand Prix,22,2021,Alpine,MEDIUM,ALO,2.0,83.46,Qualifying,23.75,26.17727272727273,64.52727272727273,0.0,11.0,8.0,2.0,,37.0,22.0,5.554,55,-0.052018518518518055,91.54638888888888,-0.055454545454543105,91.75099999999985,,
143,Abu Dhabi Grand Prix,22,2021,Alpine,SOFT,OCO,1.0,83.389,Qualifying,24.54666666666667,28.206666666666663,58.13999999999999,0.0,9.0,9.0,1.0,4.0,1.0,15.0,5.554,55,-0.076133333333334,91.19473333333332,-0.05056666666666595,91.18464444444442,,
144,Abu Dhabi Grand Prix,22,2021,Aston Martin,HARD,STR,2.0,84.061,Qualifying,24.00967741935483,26.74838709677419,63.02258064516129,0.0,13.0,13.0,2.0,1.0,22.0,31.0,5.554,55,,,-0.05257984496123994,91.2667042635659,,
145,Abu Dhabi Grand Prix,22,2021,Aston Martin,HARD,VET,2.0,84.225,Qualifying,23.93142857142857,26.545714285714283,63.5,0.0,15.0,11.0,2.0,1.0,24.0,35.0,5.554,55,-0.06805797101449419,91.94084057971016,-0.06388363830165283,91.66947352993432,-0.058231741631446385,91.46808889675012
146,Abu Dhabi Grand Prix,22,2021,Aston Martin,MEDIUM,STR,1.0,84.061,Qualifying,24.495238095238093,28.02380952380953,58.64761904761905,0.0,13.0,13.0,1.0,1.0,1.0,21.0,5.554,55,,,-0.11857058823529298,92.36406176470588,,
147,Abu Dhabi Grand Prix,22,2021,Aston Martin,MEDIUM,VET,1.0,84.225,Qualifying,24.47826086956521,27.97826086956522,58.765217391304354,0.0,15.0,11.0,1.0,1.0,1.0,23.0,5.554,55,-0.06805797101449419,91.94084057971016,-0.06477089783281638,91.61769177846575,-0.09167074303405467,91.99087677158582
148,Abu Dhabi Grand Prix,22,2021,Aston Martin,SOFT,STR,3.0,84.061,Qualifying,23.66,25.82,64.76,0.0,13.0,13.0,3.0,1.0,53.0,5.0,5.554,55,,,,,,
149,Abu Dhabi Grand Prix,22,2021,Ferrari,HARD,LEC,2.0,83.122,Qualifying,24.300000000000004,27.374999999999996,60.85000000000001,0.0,7.0,10.0,2.0,,16.0,20.0,5.554,55,-0.057994393476044265,90.73144342507645,-0.04108351648351633,90.3795582417582,-0.050224465008676236,97.6285381434355
150,Abu Dhabi Grand Prix,22,2021,Ferrari,HARD,SAI,2.0,82.992,Qualifying,23.982051282051287,26.661538461538456,63.074358974358965,0.0,5.0,3.0,2.0,1.0,20.0,39.0,5.554,55,-0.0312807017543866,90.39317543859649,-0.07427795823665848,91.44035081206498,-0.0576807373600874,90.90995452691159
151,Abu Dhabi Grand Prix,22,2021,Ferrari,MEDIUM,LEC,3.0,83.122,Qualifying,23.756521739130427,26.18260869565217,64.49565217391304,0.0,7.0,10.0,3.0,6.0,36.0,23.0,5.554,55,-0.057994393476044265,90.73144342507645,0.050009090909093,86.72013636363623,0.0026909090909116445,94.99571818181803
152,Abu Dhabi Grand Prix,22,2021,Ferrari,SOFT,LEC,1.0,83.122,Qualifying,24.540000000000006,28.206666666666663,58.08,0.0,7.0,10.0,1.0,4.0,1.0,15.0,5.554,55,-0.057994393476044265,90.73144342507645,-0.04115757575757781,90.69873939393938,-0.0050645021645046254,97.14536017316019
153,Abu Dhabi Grand Prix,22,2021,Ferrari,SOFT,SAI,1.0,82.992,Qualifying,24.515789473684208,28.08421052631579,58.42105263157894,0.0,5.0,3.0,1.0,4.0,1.0,19.0,5.554,55,-0.0312807017543866,90.39317543859649,-0.07639120879120678,90.78682197802196,-0.058774392274392295,90.74278068598068
154,Abu Dhabi Grand Prix,22,2021,Haas F1 Team,HARD,MSC,2.0,84.906,Qualifying,24.11904761904762,27.004761904761907,62.02142857142857,0.0,19.0,14.0,2.0,1.0,11.0,42.0,5.554,55,-0.20026666666666756,93.15180000000002,-0.030391290941483066,91.42313142387283,0.0006156845785190886,97.38857999765071
155,Abu Dhabi Grand Prix,22,2021,Haas F1 Team,SOFT,MSC,1.0,84.906,Qualifying,24.54,28.32,57.96999999999999,0.0,19.0,14.0,1.0,1.0,1.0,10.0,5.554,55,-0.20026666666666756,93.15180000000002,-0.031100000000007084,92.18480000000005,,
156,Abu Dhabi Grand Prix,22,2021,Haas F1 Team,SOFT,MSC,3.0,84.906,Qualifying,23.66,25.8,64.66,0.0,19.0,14.0,3.0,4.0,53.0,5.0,5.554,55,,,,,,
157,Abu Dhabi Grand Prix,22,2021,McLaren,HARD,NOR,2.0,82.931,Qualifying,24.09354838709677,26.948387096774187,62.367741935483856,0.0,3.0,7.0,2.0,1.0,18.0,31.0,5.554,55,,,-0.06300323450134743,90.93567601078163,-0.0581446607289344,98.46906336770965
158,Abu Dhabi Grand Prix,22,2021,McLaren,HARD,RIC,2.0,83.409,Qualifying,24.044117647058822,26.823529411764707,62.72058823529412,0.0,10.0,12.0,2.0,1.0,19.0,34.0,5.554,55,,,-0.0037665077035940685,89.33658327219368,-0.03338487110247075,90.13612964148766
159,Abu Dhabi Grand Prix,22,2021,McLaren,MEDIUM,NOR,3.0,82.931,Qualifying,23.71,25.940000000000005,64.71000000000001,0.0,3.0,7.0,3.0,1.0,49.0,10.0,5.554,55,,,,,,
160,Abu Dhabi Grand Prix,22,2021,McLaren,SOFT,NOR,1.0,82.931,Qualifying,24.529411764705884,28.15294117647059,58.25882352941176,0.0,3.0,7.0,1.0,4.0,1.0,17.0,5.554,55,,,0.004836363636361492,90.3149272727273,-0.007028246753246247,97.9800172077922
161,Abu Dhabi Grand Prix,22,2021,McLaren,SOFT,RIC,1.0,83.409,Qualifying,24.522222222222226,28.11111111111111,58.43333333333333,0.0,10.0,12.0,1.0,4.0,1.0,18.0,5.554,55,,,-0.01572527472526894,91.04302197802191,-0.005444455544453724,90.67897462537461
162,Abu Dhabi Grand Prix,22,2021,McLaren,SOFT,RIC,3.0,83.409,Qualifying,23.66,25.82,64.76,0.0,10.0,12.0,3.0,4.0,53.0,5.0,5.554,55,,,,,,
163,Abu Dhabi Grand Prix,22,2021,Mercedes,HARD,BOT,2.0,83.036,Qualifying,23.857142857142865,26.360714285714288,64.0,0.0,6.0,6.0,2.0,2.0,31.0,28.0,5.554,55,-0.08316666666666626,91.02416666666669,-0.060583110895411706,90.60899611744708,-0.040174107678083465,96.54892324223565
164,Abu Dhabi Grand Prix,22,2021,Mercedes,HARD,HAM,2.0,82.48,Qualifying,24.038636363636364,26.79318181818181,62.61818181818182,0.0,2.0,2.0,2.0,2.0,15.0,44.0,5.554,55,-0.05011904761904793,88.81902380952376,-0.036958403300868546,88.75158417694186,-0.048770757098140126,89.68029014719447
165,Abu Dhabi Grand Prix,22,2021,Mercedes,MEDIUM,BOT,1.0,83.036,Qualifying,24.436666666666657,27.836666666666662,59.25666666666667,0.0,6.0,6.0,1.0,6.0,1.0,30.0,5.554,55,-0.08316666666666626,91.02416666666669,-0.07496538461538443,91.19432615384612,-0.034931393606394835,96.96880203796205
166,Abu Dhabi Grand Prix,22,2021,Mercedes,MEDIUM,HAM,1.0,82.48,Qualifying,24.550000000000008,28.242857142857137,57.98571428571428,0.0,2.0,2.0,1.0,4.0,1.0,14.0,5.554,55,-0.05011904761904793,88.81902380952376,-0.055466666666665415,88.93473333333328,-0.06521602564102492,90.0645297435897
167,Abu Dhabi Grand Prix,22,2021,Red Bull Racing,HARD,PER,2.0,82.947,Qualifying,24.26,27.246666666666663,61.37333333333334,0.0,4.0,15.0,2.0,1.0,22.0,15.0,5.554,55,-0.06816615698267177,89.49421100917432,-0.0060666666666664235,88.18682222222215,-0.014275256410256752,95.48230995726493
168,Abu Dhabi Grand Prix,22,2021,Red Bull Racing,HARD,PER,3.0,82.947,Qualifying,23.788235294117644,26.305882352941172,64.44117647058823,0.0,4.0,15.0,3.0,1.0,37.0,17.0,5.554,55,-0.06816615698267177,89.49421100917432,-0.030163636363635022,88.18509090909082,,
169,Abu Dhabi Grand Prix,22,2021,Red Bull Racing,HARD,VER,2.0,82.109,Qualifying,24.321739130434796,27.40434782608696,60.682608695652185,0.0,1.0,1.0,2.0,1.0,14.0,23.0,5.554,55,-0.07518137746573043,89.46939551989296,-0.06792647058823587,89.92592647058824,-0.03699656862745115,89.05637434640519
170,Abu Dhabi Grand Prix,22,2021,Red Bull Racing,HARD,VER,3.0,82.109,Qualifying,23.788235294117648,26.305882352941172,64.41764705882353,0.0,1.0,1.0,3.0,1.0,37.0,17.0,5.554,55,-0.07518137746573043,89.46939551989296,0.030500000000000874,85.26313636363629,0.0001681818181829258,86.72411363636355
171,Abu Dhabi Grand Prix,22,2021,Red Bull Racing,SOFT,PER,1.0,82.947,Qualifying,24.495238095238093,28.02857142857143,58.55714285714285,0.0,4.0,15.0,1.0,4.0,1.0,21.0,5.554,55,-0.06816615698267177,89.49421100917432,0.0575318681318713,88.63112967032966,-0.13503406593406614,97.00696483516484
172,Abu Dhabi Grand Prix,22,2021,Red Bull Racing,SOFT,PER,4.0,82.947,Qualifying,23.7,25.95,64.35,0.0,4.0,15.0,4.0,4.0,54.0,2.0,5.554,55,,,,,,
173,Abu Dhabi Grand Prix,22,2021,Red Bull Racing,SOFT,VER,1.0,82.109,Qualifying,24.546153846153853,28.269230769230766,57.9076923076923,0.0,1.0,1.0,1.0,4.0,1.0,13.0,5.554,55,-0.07518137746573043,89.46939551989296,-0.01399999999999466,88.87871428571421,0.021765934065938318,88.75492197802194
174,Abu Dhabi Grand Prix,22,2021,Red Bull Racing,SOFT,VER,4.0,82.109,Qualifying,23.66,25.82,64.76,0.0,1.0,1.0,4.0,4.0,54.0,5.0,5.554,55,,,,,,
175,Abu Dhabi Grand Prix,22,2021,Williams,HARD,LAT,2.0,84.338,Qualifying,23.927272727272733,26.57727272727273,63.63181818181818,0.0,16.0,16.0,2.0,1.0,29.0,22.0,5.554,55,-0.10629761904761868,92.75055952380951,0.05661462612982738,87.54324527526703,0.011337205675909016,96.50432741804704
176,Abu Dhabi Grand Prix,22,2021,Williams,MEDIUM,LAT,1.0,84.338,Qualifying,24.44642857142856,27.88214285714285,59.15714285714285,0.0,16.0,16.0,1.0,1.0,1.0,28.0,5.554,55,-0.10629761904761868,92.75055952380951,-0.03334189723320134,91.88591106719366,-0.0008209486166028956,98.94490553359684
177,Abu Dhabi Grand Prix,22,2021,Williams,MEDIUM,RUS,1.0,84.423,Qualifying,24.45384615384615,27.919230769230765,58.97307692307693,0.0,17.0,18.0,1.0,1.0,1.0,26.0,5.554,55,,,-0.051037593984961015,92.164507518797,-0.042189745609081175,92.02520929299533
